char* first_name,char* last_name,int overall_rating,int age,int jersey_number,int team_id,int pos_id,int speed,int strength,int toughness,int carrying,int catching,int throwAccuracy,int jukeMove,int kickAccuracy,int kickReturn,int block,int coverage,int tackle
Joe,Thuney,93,32,62,1,8,73,88,94,33,26,6,14,11,10,81,12,29
Jaylon,Johnson,89,26,1,1,2,90,67,95,60,74,6,74,14,40,27,93,53
DJ,Moore,86,28,2,1,20,91,66,92,73,91,27,94,13,80,38,21,30
Jaquan,Brisker,83,26,9,1,5,89,68,89,60,71,6,74,17,68,29,72,80
Cole,Kmet,82,26,85,1,19,85,76,90,73,97,17,61,15,15,60,30,48
Grady,Jarrett,82,32,50,1,3,72,90,82,40,30,6,10,25,10,41,27,86
Kyler,Gordon,82,25,6,1,2,88,66,79,58,71,16,75,20,50,29,80,63
D'Andre,Swift,81,26,4,1,4,90,68,85,86,71,23,88,12,63,33,15,31
Kevin,Byard III,81,32,31,1,5,88,73,90,78,82,31,72,19,55,16,72,80
Montez,Sweat,81,28,98,1,7,88,80,88,56,57,6,50,16,10,31,39,88
T.J.,Edwards,81,29,53,1,17,85,72,85,65,72,36,30,20,10,31,71,89
Darnell,Wright,80,24,58,1,18,72,94,90,35,38,5,23,14,10,84,13,48
Tremaine,Edmunds,80,27,49,1,12,86,75,88,48,74,6,49,14,10,31,69,86
Drew,Dalman,79,26,52,1,1,70,87,82,34,25,6,10,14,10,89,10,32
Gervon,Dexter Sr,79,23,99,1,3,76,85,83,45,52,6,24,9,10,43,11,87
Rome,Odunze,79,23,15,1,20,91,65,86,73,85,14,83,17,79,37,14,30
Braxton,Jones,78,26,70,1,11,73,88,75,35,26,6,10,26,10,76,11,40
Cairo,Santos,78,33,8,1,6,72,33,60,35,25,21,10,85,10,17,17,22
Jonah,Jackson,77,28,73,1,16,68,86,88,31,29,6,10,12,10,82,13,37
Jonathan,Owens,76,30,36,1,5,91,66,84,67,72,6,70,22,30,15,68,70
Luther,Burden III,76,21,87,1,20,92,69,87,76,83,11,84,30,82,41,36,35
Caleb,Williams,75,23,18,1,14,86,65,91,59,41,81,73,23,28,16,16,23
Devin,Duvernay,75,27,12,1,20,93,68,89,77,87,30,81,12,83,43,18,35
Tory,Taylor,75,28,19,1,13,81,61,84,51,45,25,25,77,10,21,12,39
Tyrique,Stevenson,75,25,29,1,2,91,60,88,58,72,6,67,22,56,27,76,63
Andrew,Billings,73,30,97,1,3,70,89,78,28,26,6,23,19,9,37,22,83
Colston,Loveland,73,21,84,1,19,86,78,93,72,80,17,63,31,25,60,36,38
Dayo,Odeyingbo,73,25,55,1,15,80,84,87,44,45,6,36,15,10,31,29,81
Olamide,Zaccheaus,73,28,14,1,20,90,54,84,72,87,13,82,15,72,40,19,35
Roschon,Johnson,72,24,23,1,4,86,78,85,93,66,38,77,24,72,33,13,33
Shemar,Turner,72,22,95,1,3,80,88,93,41,29,11,30,19,27,35,18,76
Kyle,Monangai,71,23,25,1,4,86,77,94,96,68,19,79,22,72,43,23,36
Miles,Boykin,71,28,80,1,20,90,68,77,73,83,24,78,11,42,44,18,28
Ozzy,Trapilo,71,23,75,1,11,65,87,83,34,24,6,15,27,10,79,15,21
Ryan,Bates,71,28,71,1,16,67,86,87,26,20,6,15,12,11,76,12,31
Tanoh,Kpassagnon,71,31,69,1,15,80,82,80,44,47,6,43,29,15,32,46,79
Tyler,Scott,71,23,10,1,20,92,53,85,73,80,10,76,15,71,30,36,40
Durham,Smythe,70,30,81,1,19,81,75,86,75,86,10,68,14,10,60,12,28
Nick,McCloud,70,27,24,1,2,90,58,79,52,67,6,70,15,50,29,68,62
Shaun,Wade,70,26,26,1,2,90,60,74,58,67,6,69,12,40,27,69,64
Zah,Frazier,70,24,20,1,2,94,56,84,61,74,17,70,25,79,30,67,69
Austin,Booker,69,22,94,1,7,79,76,83,34,34,6,46,22,10,31,42,75
Dominique,Robinson,69,27,90,1,7,80,79,80,61,65,49,52,12,10,37,39,78
Ricky,Stromberg,69,24,67,1,16,64,83,90,26,21,6,10,13,10,80,13,46
Terell,Smith,69,26,32,1,2,92,63,85,56,65,6,70,11,66,30,67,64
Travis,Homer,69,27,21,1,4,91,62,82,84,69,16,80,14,73,36,18,35
Tre,Flowers,69,30,37,1,2,90,66,87,60,67,6,65,10,35,27,69,66
Daniel,Hardy,68,26,92,1,15,83,71,78,38,33,6,37,15,10,32,31,81
Elijah,Hicks,68,25,22,1,5,88,58,85,60,69,6,72,24,35,28,67,69
Kiran,Amegadjie,68,23,72,1,18,70,88,79,32,37,22,15,25,10,78,15,33
Zacch,Pickens,68,25,96,1,3,76,81,89,58,45,6,43,14,10,37,23,78
Jamree,Kromah,67,25,59,1,15,79,82,83,42,38,9,32,18,10,37,24,78
Ruben,Hyppolite II,67,23,47,1,12,88,68,87,60,61,6,54,19,10,36,61,79
Samori,Toure,67,27,83,1,20,90,53,81,65,78,10,78,17,45,34,17,32
Luke,Newman,66,23,65,1,8,70,87,87,23,23,6,11,14,10,74,14,30
Nahshon,Wright,66,27,25,1,2,89,54,87,62,74,10,69,16,30,26,66,59
Noah,Sewell,66,23,44,1,12,82,80,91,64,63,6,72,19,35,42,55,82
Jordan,McFadden,65,25,74,1,16,73,82,85,38,26,5,11,13,10,73,11,35
Josh,Blackwell,65,26,39,1,2,94,53,85,55,59,19,72,12,62,25,64,47
Bill,Murray,64,28,60,1,8,67,82,83,31,24,6,10,12,10,73,13,30
Chris,Williams,64,27,91,1,3,67,84,78,36,28,6,10,17,10,41,14,78
Case,Keenum,63,37,11,1,14,77,54,76,62,33,78,53,24,10,16,11,14
Jonathan,Ford,63,26,64,1,3,57,84,79,33,32,6,19,14,10,39,13,80
Major,Burns,63,23,35,1,5,89,61,86,60,64,17,67,15,42,30,64,68
Tysheem,Johnson,63,22,33,1,5,89,53,86,61,66,6,61,16,77,30,64,64
Maurice,Alexander,62,28,13,1,20,90,43,72,67,73,51,82,17,84,27,29,24
Chris,Glaser,61,25,63,1,1,65,86,80,26,28,8,21,11,10,74,10,32
Power,Echols,61,22,57,1,12,82,63,87,59,55,6,45,18,10,35,60,79
Doug,Kramer Jr,60,27,68,1,1,74,81,76,35,28,6,10,18,10,72,10,35
Stephen,Carlson,60,28,88,1,19,79,70,83,74,76,10,65,19,39,55,21,37
Amen,Ogbongbemiga,59,26,45,1,17,83,68,87,48,46,6,62,25,10,36,44,73
Tyson,Bagent,58,25,17,1,14,79,59,87,60,25,72,45,26,10,17,13,20
Scott,Daly,57,31,46,1,10,71,72,74,63,49,7,27,15,10,45,17,51
Joshua,Miles,55,29,78,1,11,64,85,78,46,30,6,10,11,10,71,13,45
Ja'Marr,Chase,99,25,1,2,20,95,73,88,71,98,15,90,17,60,42,15,34
Joe,Burrow,97,28,9,2,14,84,68,97,62,40,97,64,17,10,18,31,36
Trey,Hendrickson,92,30,91,2,15,84,82,84,41,44,6,39,17,10,32,39,86
Tee,Higgins,87,26,5,2,20,91,71,84,76,97,32,79,13,65,40,23,33
Logan,Wilson,82,29,55,2,12,86,74,90,60,77,16,47,55,10,29,70,88
Cam,Taylor-Britt,81,25,29,2,2,93,64,83,64,78,44,73,15,55,26,79,67
Chase,Brown,81,25,30,2,4,93,69,83,88,68,34,86,13,70,45,14,27
Orlando,Brown Jr,80,29,75,2,11,59,94,87,28,23,6,11,13,10,77,14,33
DJ,Turner II,79,24,20,2,2,96,43,83,53,69,16,77,15,65,25,77,54
Mike,Gesicki,79,29,88,2,19,84,76,82,79,88,10,78,14,15,58,13,30
Geno,Stone,78,26,22,2,5,87,58,89,65,82,25,67,22,55,15,74,65
Ted,Karras,78,32,64,2,1,69,86,90,31,26,6,10,21,11,69,12,30
B.J.,Hill,77,29,92,2,3,73,88,89,43,43,6,33,12,10,33,25,88
Dax,Hill,77,24,23,2,2,93,56,87,63,71,10,73,15,40,25,71,65
Shemar,Stewart,77,21,97,2,7,86,87,88,42,40,6,42,20,20,34,21,72
Amarius,Mims,76,22,71,2,18,70,91,85,48,49,10,43,26,10,80,12,35
Jordan,Battle,76,24,27,2,5,88,63,91,65,72,21,70,15,70,29,70,77
Samaje,Perine,76,29,34,2,4,86,84,80,97,73,23,78,22,52,54,14,40
Demetrius,Knight Jr.,74,25,44,2,17,86,72,90,63,65,28,55,20,10,35,61,83
Evan,McPherson,74,26,2,2,6,75,37,54,21,32,22,12,79,10,14,13,16
Kris,Jenkins Jr,74,23,90,2,3,75,87,90,44,46,10,38,23,10,33,26,83
Lucas,Patrick,74,32,62,2,16,70,84,86,26,24,6,17,21,14,80,12,34
Ryan,Rehkow,73,26,8,2,13,68,53,78,33,29,15,10,76,10,15,10,28
Cordell,Volson,72,27,67,2,8,63,85,78,44,37,8,33,37,10,81,18,42
Joseph,Ossai,72,25,58,2,7,84,80,85,57,53,6,34,38,10,31,50,79
Andrei,Iosivas,71,25,80,2,20,92,67,86,73,83,15,75,21,50,27,10,28
Cam,Sample,71,25,96,2,7,77,78,82,36,35,6,35,30,6,32,43,84
Dylan,Fairchild,71,22,63,2,8,71,86,88,39,27,6,16,12,10,78,11,18
Josh,Newton,71,24,28,2,2,89,61,79,63,77,24,75,18,64,30,71,55
Tahj,Brooks,71,23,25,2,4,88,68,92,91,70,19,79,23,73,41,26,35
Taven,Bryan,71,29,70,2,3,77,88,94,37,31,10,32,13,10,38,26,81
Charlie,Jones,70,26,15,2,20,90,56,83,73,86,10,70,14,85,33,26,34
Erick,All Jr,70,24,83,2,19,86,72,86,73,80,10,67,12,25,58,19,46
Jermaine,Burton,70,24,81,2,20,91,58,84,74,86,10,75,12,43,34,14,31
Myles,Murphy,70,23,99,2,15,88,82,88,45,40,34,39,14,10,39,33,76
Oren,Burks,70,30,42,2,17,87,72,92,63,70,6,49,13,10,32,66,81
Cody,Ford,69,28,61,2,16,67,87,88,36,23,6,10,12,10,77,14,14
Marco,Wilson,69,26,24,2,2,91,66,85,53,67,6,68,15,58,25,68,48
McKinnley,Jackson,69,23,93,2,3,64,84,83,40,22,15,38,17,8,28,18,80
T.J.,Slaton,69,27,98,2,3,69,87,88,24,22,6,16,15,30,56,16,81
Barrett,Carter,68,22,49,2,12,85,72,88,68,61,6,61,18,10,37,60,78
Cedric,Johnson,68,22,52,2,15,85,79,82,38,40,6,19,10,10,32,43,76
Desmond,Ridder,68,26,4,2,14,88,64,94,57,48,79,61,15,11,17,11,27
Drew,Sample,68,29,89,2,19,82,73,86,73,77,15,57,14,15,62,20,43
Jake,Browning,68,29,6,2,14,79,57,90,66,39,80,56,47,10,12,12,19
Isaiah,Williams,67,24,18,2,20,87,59,82,76,81,57,77,30,79,37,13,24
Jalen,Rivers,67,22,74,2,11,63,83,83,40,21,6,15,23,24,76,12,24
Daijahn,Anthony,66,24,33,2,5,88,56,88,58,69,19,71,15,60,32,67,70
Isaiah,Thomas,66,26,51,2,15,82,79,81,40,38,6,39,15,10,33,25,72
Jaylen,Key,66,25,43,2,5,87,53,85,59,66,24,66,11,53,31,65,69
McTelvin,Agim,66,27,72,2,3,73,84,85,40,36,6,24,21,10,40,27,80
Tanner,Hudson,66,30,87,2,19,82,70,77,68,82,10,60,19,18,55,18,32
DJ,Ivey,65,25,38,2,2,90,54,78,59,64,6,69,16,55,27,68,56
Kendall,Milton,65,23,36,2,4,86,72,82,86,66,15,78,12,83,28,15,31
Tycen,Anderson,65,26,26,2,5,92,59,74,57,58,8,72,14,45,27,64,60
Eric,Gregory,64,24,94,2,3,68,86,86,37,35,6,20,14,10,36,19,76
Gary,Brightwell,64,27,32,2,4,85,73,85,84,59,23,77,14,75,39,22,37
Joe,Giles-Harris,64,28,53,2,17,83,69,87,45,53,6,45,13,10,31,53,81
Mitchell,Tinsley,64,25,82,2,20,86,60,87,73,79,25,75,18,64,42,22,31
Seth,McLaughlin,64,24,68,2,1,63,89,84,24,24,6,10,14,10,76,12,24
Tanner,McLachlan,64,26,84,2,19,85,74,87,72,78,15,67,15,30,56,17,40
Andrew,Stueber,63,26,73,2,18,60,82,88,20,21,6,14,14,10,72,11,39
Cal,Adomitis,63,27,48,2,10,73,69,74,65,64,18,44,11,10,50,14,54
Kendric,Pryor,63,27,19,2,20,93,52,81,69,76,27,81,15,63,36,26,27
Jalen,Davis,62,29,35,2,2,88,53,78,63,69,6,78,25,73,25,63,57
Maema,Njongmeta,62,24,45,2,12,80,66,85,46,53,6,37,14,10,32,58,79
Matt,Lee,62,24,65,2,1,71,82,77,34,35,10,10,14,10,74,13,31
Nate,Brooks,62,28,41,2,2,84,55,76,60,71,6,68,13,45,25,64,50
Raymond,Johnson III,62,26,56,2,7,79,75,81,38,35,6,39,16,10,32,22,75
Shaka,Heyward,62,25,50,2,17,88,74,84,52,51,7,31,12,15,30,57,77
Cam,Grandy,61,24,85,2,19,76,77,85,73,78,10,66,22,35,58,22,38
Jaxson,Kirkland,60,27,60,2,8,63,80,86,28,24,6,10,19,10,67,10,28
Andrew,Coker,59,24,79,2,11,60,84,80,29,29,11,21,8,5,70,10,30
Devin,Cochran,59,27,76,2,18,69,83,79,35,24,6,10,14,10,70,10,32
Josh,Allen,99,29,17,3,14,88,81,98,61,40,92,81,14,13,17,15,32
Dion,Dawkins,91,31,73,3,11,75,92,86,28,41,6,22,22,10,87,14,31
James,Cook,89,25,4,3,4,92,67,84,91,70,15,91,14,74,43,29,40
Greg,Rousseau,88,25,50,3,7,86,83,83,48,51,6,42,19,9,37,40,85
Christian,Benford,85,24,47,3,2,88,65,84,61,75,6,70,12,45,26,86,72
Joey,Bosa,85,30,97,3,15,79,87,87,43,47,6,33,19,9,33,32,88
Spencer,Brown,85,27,79,3,18,74,91,85,50,55,6,10,25,10,88,14,42
Matt,Milano,84,31,58,3,17,86,78,86,52,70,6,51,20,10,34,75,81
Taron,Johnson,84,29,7,3,2,90,63,80,58,73,6,73,11,38,28,83,63
Khalil,Shakir,82,25,10,3,20,90,63,80,74,94,26,88,15,76,32,14,25
Ed,Oliver,81,27,91,3,3,82,89,89,32,31,6,39,12,10,38,26,84
Shaq,Thompson,81,31,45,3,12,85,75,87,72,77,6,82,20,10,35,66,85
DaQuan,Jones,79,33,92,3,3,70,88,84,39,24,6,10,17,10,31,30,82
Reggie,Gilliam,79,28,41,3,4,87,76,86,70,74,21,60,12,38,78,34,54
Taylor,Rapp,79,27,9,3,5,86,63,84,61,77,18,67,14,57,23,71,83
Terrel,Bernard,79,26,8,3,12,86,67,88,49,74,18,61,13,30,32,64,85
Connor,McGovern,78,27,66,3,1,69,87,84,40,35,10,10,25,10,75,14,40
Maxwell,Hairston,78,22,31,3,2,96,59,86,63,74,17,79,19,47,29,78,61
Dawson,Knox,77,28,88,3,19,86,72,85,71,84,23,62,12,25,59,15,31
Elijah,Moore,77,25,18,3,20,92,59,86,76,84,12,87,13,77,34,15,24
Joshua,Palmer,77,25,5,3,20,88,65,89,75,84,15,76,13,55,31,17,26
A.J.,Epenesa,76,26,57,3,15,79,85,90,51,53,6,36,15,16,31,24,82
Curtis,Samuel,76,29,1,3,20,90,64,74,73,86,10,85,15,75,33,24,26
Keon,Coleman,76,22,0,3,20,87,72,84,74,87,46,78,20,77,30,28,40
Larry,Ogunjobi,76,31,99,3,3,74,89,89,31,35,6,31,17,14,40,27,83
Dalton,Kincaid,75,25,86,3,19,86,71,83,77,85,10,73,19,39,58,18,37
David,Edwards,75,28,76,3,8,68,82,90,45,46,34,34,11,10,80,12,39
Dorian,Williams,75,24,42,3,17,89,63,76,55,65,12,65,16,42,30,65,88
Michael,Hoecht,75,27,55,3,15,84,83,88,52,33,6,51,6,35,34,48,79
Damar,Hamlin,74,27,3,3,5,88,62,78,63,70,6,68,20,51,34,66,70
Ray,Davis,74,25,22,3,4,88,78,85,93,71,26,82,20,69,33,12,33
T.J.,Sanders,74,22,98,3,3,74,88,89,39,20,6,19,14,22,35,16,78
Tre'Davious,White,74,30,27,3,2,90,75,81,65,74,23,82,18,80,22,75,64
Tyler,Bass,74,28,2,3,6,85,40,60,33,35,30,10,77,10,12,12,29
Ja'Marcus,Ingram,73,27,46,3,2,90,68,82,60,64,10,69,16,30,26,70,67
Landon,Jackson,73,22,94,3,7,83,81,84,41,35,13,31,16,25,37,31,81
Laviska,Shenault Jr,73,26,15,3,20,88,74,85,78,80,25,87,14,78,49,29,52
O'Cyrus,Torrence,73,25,64,3,16,61,91,91,34,25,6,10,13,10,73,8,35
Ty,Johnson,73,27,26,3,4,90,64,79,91,67,15,80,16,81,30,14,31
Cam,Lewis,72,28,39,3,5,90,51,83,60,60,6,73,13,47,26,72,59
Cole,Bishop,72,22,24,3,5,91,64,87,65,66,30,67,28,60,27,70,66
Darrick,Forrest,72,26,28,3,5,91,67,78,55,73,12,69,17,66,31,68,73
Dorian,Strong,72,23,43,3,2,89,60,87,58,73,13,70,17,82,30,71,67
KJ,Hamler,72,26,19,3,20,93,58,81,73,78,15,81,14,82,38,18,24
Dane,Jackson,71,28,23,3,2,88,54,85,65,65,34,73,34,50,25,75,52
Darrynton,Evans,71,27,21,3,4,93,69,79,89,67,32,78,14,81,32,33,39
Reid,Ferguson,71,31,69,3,10,73,65,83,54,57,16,51,19,18,43,18,33
DeWayne,Carter,70,24,90,3,3,73,82,88,40,22,15,44,17,8,28,18,79
Brad,Robbins,69,26,40,3,13,75,47,75,25,26,26,26,76,10,16,11,28
Deone,Walker,69,21,96,3,3,61,82,86,42,30,11,31,18,24,34,20,79
Javon,Solomon,69,24,56,3,15,82,77,81,33,47,6,47,10,10,37,38,79
Joe,Andreessen,69,25,44,3,12,84,77,86,63,66,6,58,20,10,32,57,80
Jordan,Hancock,69,22,37,3,5,91,60,84,56,71,14,71,30,51,30,66,60
Kendrick,Green,69,26,53,3,16,75,86,79,29,23,6,10,11,10,78,12,48
Edefuan,Ulofoshio,67,25,48,3,17,87,71,89,52,58,15,59,35,35,37,64,80
Marcus,Harris,67,24,72,3,3,67,83,88,40,36,6,24,21,10,29,27,81
Alec,Anderson,66,25,70,3,8,60,85,83,45,40,6,10,20,10,75,14,45
Kaden,Prather,66,22,81,3,20,90,67,85,70,79,11,71,26,62,38,32,46
Sedrick,Van Pran-Granger,66,23,62,3,1,66,82,87,25,24,8,10,9,10,75,10,31
Brandon,Codrington,65,24,29,3,2,89,61,82,62,57,6,76,12,80,29,65,64
Chase,Lundt,65,23,77,3,18,69,82,87,44,37,6,26,12,10,74,12,25
Mike,White,65,30,14,3,14,69,54,96,57,31,80,41,15,10,19,14,26
Tyrell,Shavers,65,26,80,3,20,91,55,85,69,78,22,81,19,53,35,23,28
Zion,Logue,65,24,93,3,3,68,83,85,45,34,6,10,15,10,32,20,80
Casey,Rogers,64,26,71,3,3,77,83,88,32,33,13,18,17,21,23,16,73
Mitchell,Trubisky,64,31,11,3,14,84,71,86,63,44,77,68,23,10,21,16,35
Baylon,Spector,63,26,54,3,9,86,67,87,60,54,33,57,19,35,35,59,73
Ryan,Van Demark,63,27,74,3,18,63,83,85,36,35,6,10,11,10,75,12,40
Travis,Clayton,63,24,67,3,11,79,79,81,41,39,21,33,46,10,77,9,33
Tylan,Grable,63,25,68,3,11,74,81,79,57,51,48,46,13,10,75,13,48
Frank,Gore Jr,61,23,20,3,4,84,66,92,81,64,38,76,31,44,24,13,28
Jackson,Hawes,61,24,85,3,19,78,72,91,70,73,16,64,27,23,61,19,33
Zach,Davidson,61,27,84,3,19,84,71,84,71,78,49,69,65,20,53,14,38
Shane,Buechele,52,27,6,3,14,74,51,86,61,32,73,55,21,10,25,16,19
Patrick,Surtain II,97,25,2,4,2,94,63,86,64,76,6,73,11,55,27,98,75
Quinn,Meinerz,95,26,77,4,16,76,95,92,22,25,6,18,13,10,96,15,32
Garett,Bolles,89,33,72,4,11,75,87,88,29,36,6,19,20,10,82,14,38
Dre,Greenlaw,86,28,57,4,12,85,72,84,55,71,6,51,12,10,36,76,90
Zach,Allen,86,28,99,4,3,76,94,87,42,50,6,40,12,10,42,41,85
Courtland,Sutton,85,29,14,4,20,90,75,87,72,85,54,83,15,33,41,27,33
Evan,Engram,85,30,1,4,19,87,66,76,74,92,18,79,16,59,56,28,42
Nik,Bonitto,84,25,15,4,15,88,82,74,49,60,29,44,12,10,33,45,77
Talanoa,Hufanga,84,25,9,4,5,89,58,85,61,76,32,67,18,44,34,78,76
Brandon,Jones,83,27,22,4,5,89,58,93,60,72,12,71,20,45,30,76,77
J.K.,Dobbins,82,26,27,4,4,90,74,84,91,66,23,89,16,60,40,15,30
Mike,McGlinchey,82,30,69,4,18,71,88,95,33,28,6,10,12,10,87,12,32
John,Franklin-Myers,80,28,98,4,3,78,90,85,26,38,9,31,12,10,32,29,84
Jonathon,Cooper,80,27,0,4,7,85,79,77,31,44,6,31,17,10,35,44,83
Bo,Nix,79,25,10,4,14,88,60,96,67,67,86,64,42,10,13,13,21
D.J.,Jones,78,30,93,4,3,73,88,89,31,38,6,25,19,9,41,24,84
Jahdae,Barron,78,23,12,4,2,93,54,91,62,75,6,76,15,55,22,77,59
Alex,Singleton,77,31,49,4,17,85,72,84,55,63,6,36,15,10,36,60,92
Marvin,Mims Jr,77,23,19,4,20,92,55,89,74,86,15,76,12,86,34,12,23
Wil,Lutz,77,31,3,4,6,70,54,70,40,18,21,10,82,10,16,14,26
Luke,Wattenberg,76,27,60,4,1,66,79,69,28,26,6,13,16,10,78,8,32
Riley,Moss,76,25,21,4,2,91,53,79,68,74,16,77,23,77,27,71,63
Ja'Quan,McMillian,75,25,29,4,2,88,56,79,58,77,27,74,15,45,24,78,64
Jaleel,McLaughlin,75,24,38,4,4,92,66,84,92,70,22,84,13,76,29,18,29
Ben,Powers,74,28,74,4,8,70,82,87,40,37,6,10,11,10,77,12,38
Devaughn,Vele,74,27,17,4,20,90,58,79,71,87,30,74,20,80,35,24,33
RJ,Harvey,74,24,37,4,4,92,73,81,87,68,51,85,26,79,35,27,39
Jonah,Elliss,73,22,52,4,7,81,74,84,28,26,6,27,19,10,31,44,77
Kris,Abrams-Draine,73,23,31,4,2,91,40,76,57,74,12,71,15,55,25,74,66
Malcolm,Roach,73,27,97,4,3,74,83,80,40,49,6,21,25,11,31,30,82
P.J.,Locke,73,28,6,4,5,89,66,89,58,67,12,64,18,60,20,69,66
Trent,Sherfield Sr,72,29,5,4,20,89,54,68,73,85,35,80,11,60,40,37,50
Troy,Franklin,72,22,11,4,20,92,58,82,76,81,10,81,18,44,34,29,35
Adam,Trautman,71,28,82,4,19,82,74,89,77,83,54,66,20,35,60,16,33
Damarri,Mathis,71,26,27,4,2,93,61,86,55,67,6,73,11,50,25,70,48
Drew,Sanders,71,23,41,4,12,84,72,84,67,64,45,51,15,10,37,66,76
Jeremy,Crawshaw,71,24,16,4,13,77,60,78,44,35,27,24,76,10,18,11,32
Justin,Strnad,71,29,40,4,17,88,71,77,58,60,12,43,15,30,31,65,82
A.T.,Perry,70,25,87,4,20,90,68,90,74,82,10,74,49,44,45,28,38
Audric,Estime,70,21,23,4,4,87,75,91,86,66,15,78,12,65,34,15,35
Michael,Burton,70,33,20,4,4,80,82,75,74,63,10,61,14,35,76,13,45
Sai'vion,Jones,70,22,95,4,3,81,80,88,38,29,12,38,21,32,36,29,76
Eyioma,Uwazurike,69,27,96,4,3,62,83,92,32,31,6,15,18,15,40,14,82
Pat,Bryant,69,22,13,4,20,85,69,90,74,80,18,78,25,73,47,35,37
Sam,Franklin Jr,69,29,42,4,5,86,66,79,57,68,6,73,17,45,27,68,63
Tyler,Badie,69,25,28,4,4,90,74,85,90,69,15,76,15,72,39,24,34
Calvin,Throckmorton,68,29,76,4,8,64,84,93,30,39,6,22,21,10,74,18,49
Dondrea,Tillman,68,27,92,4,15,73,77,81,36,35,6,50,14,10,39,37,81
Matt,Henningsen,68,26,91,4,3,73,82,87,40,33,9,22,18,10,41,15,79
Matt,Peart,68,28,79,4,11,69,86,89,40,27,5,10,12,10,77,13,37
Mitchell,Fraboni,67,28,48,4,10,80,75,83,60,45,17,42,14,10,52,18,55
Que,Robinson,67,24,51,4,7,84,73,88,52,56,6,46,20,10,36,61,79
Alex,Forsyth,66,26,54,4,1,66,86,85,23,34,6,24,22,10,74,13,34
Blake,Watson,66,25,25,4,4,91,72,87,84,70,20,76,18,73,38,22,34
JL,Skinner,66,24,34,4,5,89,59,88,62,75,15,69,23,35,33,64,67
Nick,Gargiulo,66,25,66,4,16,64,87,77,41,43,5,30,20,10,74,12,33
Delarrin,Turner-Yell,65,25,32,4,5,90,53,74,60,69,12,69,17,40,26,64,61
Devon,Key,65,27,26,4,5,86,66,86,60,58,12,68,12,30,30,63,69
Jordan,Jackson,65,27,94,4,3,74,78,86,30,24,6,22,21,10,35,26,78
Alex,Palczewski,64,26,63,4,18,63,82,78,43,25,7,26,10,5,77,12,38
Keidron,Smith,64,25,43,4,5,86,62,83,59,72,12,64,15,44,26,64,69
Lucas,Krull,64,27,85,4,19,84,68,77,72,78,39,64,11,25,55,14,36
Mario,Goodrich,64,25,46,4,2,88,52,84,59,65,6,70,14,45,25,64,56
Clay,Webb,63,25,64,4,8,69,87,81,24,21,6,10,13,10,74,12,21
Frank,Crum,63,25,73,4,11,74,85,89,29,19,6,10,14,15,75,14,33
Levelle,Bailey,63,24,56,4,17,81,69,83,62,68,6,48,16,10,31,61,77
Michael,Bandy,63,27,83,4,20,86,49,80,71,77,21,76,20,60,32,22,25
Jarrett,Stidham,62,29,8,4,14,78,62,89,60,53,76,50,26,10,17,15,20
Andrew,Farmer II,61,25,53,4,15,82,79,88,35,37,16,39,9,10,38,36,77
Nate,Adkins,61,26,45,4,19,77,74,85,73,79,20,59,19,15,60,23,38
Caleb,Lohner,60,24,84,4,19,83,75,83,70,74,12,60,14,24,49,21,37
Johnny,Walker Jr.,60,23,59,4,17,78,73,87,59,52,6,51,16,10,35,57,78
Will,Sherman,59,26,78,4,16,65,81,75,25,31,6,20,17,10,69,12,36
Sam,Ehlinger,56,26,4,4,14,78,67,90,65,70,72,69,14,10,26,12,27
Myles,Garrett,99,29,95,5,15,87,96,87,55,52,29,36,20,10,31,51,92
Denzel,Ward,90,28,21,5,2,93,61,86,66,78,11,80,13,67,26,90,49
David,Njoku,89,29,85,5,19,86,72,78,77,88,10,79,19,40,57,25,36
Joel,Bitonio,85,33,75,5,8,73,88,95,40,28,6,10,21,10,85,16,30
Jerry,Jeudy,84,26,3,5,20,91,64,88,75,87,15,91,17,69,37,27,33
Jeremiah,Owusu-Koramoah,83,25,6,5,17,88,65,88,57,72,35,55,17,35,32,73,83
Corey,Bojorquez,82,29,13,5,13,70,41,61,33,24,25,10,87,10,17,15,28
Grant,Delpit,81,26,9,5,5,89,60,93,69,75,6,65,11,55,28,77,70
Greg,Newsome II,81,25,0,5,2,92,60,82,61,70,6,75,12,40,27,79,45
Mason,Graham,80,21,94,5,3,78,90,94,38,28,8,24,18,31,38,21,81
Teven,Jenkins,80,27,74,5,16,74,91,92,23,19,6,10,14,15,84,10,31
Jack,Conklin,79,31,78,5,18,69,88,95,29,24,5,11,19,9,81,13,34
Wyatt,Teller,79,30,77,5,16,72,93,90,40,36,23,28,12,10,83,10,50
Rayshawn,Jenkins,78,31,28,5,5,88,72,87,65,78,14,71,15,65,25,69,77
Jerome,Ford,77,25,34,5,4,91,73,83,94,68,23,85,15,79,42,20,39
Jerome,Baker,77,28,17,5,17,89,74,84,61,66,6,64,12,10,33,68,84
Shelby,Harris,77,34,93,5,3,75,85,75,46,42,6,10,21,10,30,23,87
Diontae,Johnson,76,29,16,5,20,89,61,83,70,84,43,86,52,82,34,19,29
Carson,Schwesinger,75,22,49,5,12,87,72,90,64,68,6,58,21,10,35,66,83
Devin,Bush,75,27,30,5,17,87,74,86,56,63,6,41,13,10,34,64,87
Maliek,Collins,75,30,96,5,3,70,84,88,31,31,6,16,17,9,40,22,82
Martin,Emerson Jr,75,24,1,5,2,89,65,83,60,67,12,70,13,42,27,75,52
Cornelius,Lucas III,74,34,71,5,11,69,83,65,40,27,6,10,11,10,79,12,26
Dylan,Sampson,74,20,22,5,4,92,65,86,88,66,21,81,28,70,39,24,28
Joe,Tryon-Shoyinka,74,26,90,5,15,82,81,83,56,55,11,42,17,10,38,48,81
Quinshon,Judkins,74,21,10,5,4,90,77,92,93,71,23,81,22,45,38,30,39
Damontae,Kazee,73,32,23,5,5,87,68,82,73,77,6,76,25,76,23,73,65
Ronnie,Hickman,73,23,33,5,5,86,65,85,60,64,24,68,12,45,30,74,71
Cedric,Tillman,72,25,19,5,20,88,70,83,74,86,17,76,15,45,45,10,35
DeAndre,Carter,72,32,2,5,20,88,60,78,69,85,13,80,15,80,34,19,35
Ethan,Pocic,72,30,55,5,1,71,88,87,28,34,6,20,12,10,85,12,36
Mike,Hall Jr,72,22,51,5,3,81,79,87,36,33,6,34,12,10,32,24,83
Nik,Needham,72,28,25,5,2,87,56,80,60,71,6,72,11,63,26,73,63
Dustin,Hopkins,71,34,7,5,6,73,61,65,40,35,30,10,74,10,18,15,28
Harold,Fannin Jr.,71,21,88,5,19,82,75,90,75,83,63,74,32,30,60,24,30
Joe,Flacco,71,40,15,5,14,75,66,92,59,31,82,44,24,10,17,18,29
Cameron,Mitchell,70,23,29,5,2,90,61,82,54,62,12,73,19,70,12,70,40
Cameron,Thomas,70,25,99,5,15,78,77,85,41,39,6,39,14,10,36,30,83
Dawand,Jones,70,24,79,5,11,61,95,91,33,22,6,12,9,10,69,9,40
Deshaun,Watson,70,29,4,5,14,84,69,88,65,51,79,79,27,10,31,18,34
Isaiah,McGuire,70,24,57,5,7,79,79,84,35,34,6,38,15,10,32,36,78
Jowon,Briggs,70,24,97,5,3,72,88,88,46,48,6,36,19,15,32,23,82
Zak,Zinter,70,24,70,5,8,63,88,96,40,22,7,16,11,10,78,9,44
David,Bell,69,24,18,5,20,86,68,83,79,85,17,74,22,33,34,17,21
Jamari,Thrash,69,24,80,5,20,90,56,85,73,82,17,79,20,35,34,21,28
Julian,Okwara,69,27,53,5,7,85,81,87,57,54,6,36,11,10,30,48,73
Pierre,Strong Jr,69,26,20,5,4,92,66,86,82,63,37,83,16,69,41,27,38
Nathaniel,Watson,68,25,40,5,9,84,68,86,54,62,11,54,14,25,43,61,85
Kenny,Pickett,67,27,8,5,14,81,68,88,51,45,81,70,40,12,18,10,29
Mohamoud,Diabate,67,24,43,5,12,87,69,84,47,49,6,55,16,10,37,50,79
Myles,Harden,67,23,26,5,2,89,59,88,55,71,21,75,11,55,27,63,74
Shedeur,Sanders,67,23,12,5,14,78,65,96,61,32,80,65,27,22,21,32,37
Tony,Brown II,67,30,11,5,2,91,58,81,61,57,6,73,12,45,26,69,47
Winston,Reid,67,26,59,5,17,85,77,87,62,62,10,64,15,15,30,52,79
Alex,Wright,66,24,91,5,7,79,73,87,44,42,6,40,15,10,32,27,77
Dillon,Gabriel,66,24,5,5,14,83,58,90,62,41,81,59,37,21,24,36,35
Gage,Larvadain,66,22,84,5,20,90,62,82,71,78,17,78,18,75,32,15,25
Luke,Wypler,66,24,56,5,1,68,85,83,34,29,6,23,15,10,76,10,26
Chigozie,Anusiem,65,24,35,5,2,91,60,87,57,64,6,70,14,45,30,64,62
KJ,Henry,65,26,52,5,15,85,68,89,45,39,7,48,12,10,33,36,76
Adin,Huntington,64,23,66,5,7,82,81,87,38,34,6,21,15,10,36,29,74
Brenden,Bates,64,25,82,5,19,82,75,88,72,74,16,59,12,10,62,10,34
Javion,Cohen,63,23,67,5,8,61,83,83,23,29,28,47,29,28,76,37,40
Blake,Whiteheart,62,25,86,5,19,82,72,88,71,75,25,70,14,40,61,11,42
Dartanyan,Tinsley,62,24,65,5,8,56,88,81,24,23,6,10,13,10,73,11,34
Donovan,McMillon,62,23,31,5,5,90,65,87,61,69,6,61,15,78,30,63,65
Troy,Hairston,62,26,36,5,4,80,80,88,66,59,6,66,14,35,65,28,72
Anthony,Kendall,61,25,44,5,2,91,59,75,44,63,13,74,9,55,20,66,44
Julian,Pearl,61,25,60,5,18,70,86,83,30,35,16,38,20,5,75,11,37
Jason,Ivey,60,24,72,5,18,67,78,84,20,12,6,10,16,10,75,11,20
Sam,Kamara,60,27,92,5,3,72,78,82,45,38,6,25,26,10,40,32,75
Rex,Sunahara,58,28,50,5,10,69,62,82,58,55,12,21,18,10,49,20,38
Jackson,Barton,57,30,68,5,18,66,85,87,35,37,6,10,11,10,70,12,40
Tristan,Wirfs,96,26,78,6,11,77,94,93,37,37,6,16,12,10,91,13,38
Mike,Evans,93,32,13,6,20,92,78,94,80,95,20,83,24,55,55,34,39
Vita,Vea,93,30,50,6,3,74,98,97,68,40,16,59,16,10,47,32,93
Antoine,Winfield Jr,91,27,31,6,5,90,59,87,67,77,6,83,20,83,27,84,77
Lavonte,David,88,35,54,6,12,86,76,89,60,76,6,35,12,10,37,71,89
Bucky,Irving,87,23,7,6,4,89,65,91,92,70,22,94,25,76,30,18,31
Jamel,Dean,86,28,35,6,2,92,66,88,59,70,6,71,28,65,27,86,76
Baker,Mayfield,85,30,6,6,14,86,69,98,61,64,88,67,16,10,28,11,32
Chris,Godwin Jr,85,29,14,6,20,88,72,93,70,95,15,82,21,48,39,20,27
Luke,Goedeke,82,26,67,6,18,63,88,85,48,47,6,26,25,10,87,11,35
YaYa,Diaby,80,26,0,6,15,89,74,79,47,45,6,45,23,25,34,38,84
Zyon,McCollum,80,26,27,6,2,93,60,75,63,72,11,71,20,45,24,78,50
Chase,McLaughlin,79,29,4,6,6,73,39,75,45,40,26,15,85,10,15,18,20
Cody,Mauch,79,26,69,6,16,70,87,95,55,50,43,41,15,10,82,11,45
Rachaad,White,79,26,1,6,4,90,71,85,89,76,15,88,18,75,38,15,30
Cade,Otton,77,26,88,6,19,81,77,80,72,88,20,60,19,25,64,18,39
Calijah,Kancey,76,24,94,6,3,83,84,84,43,52,6,42,12,10,37,24,82
Haason,Reddick,76,30,5,6,7,85,81,84,77,70,6,66,19,59,31,60,82
Riley,Dixon,76,32,92,6,13,72,56,79,50,38,31,51,79,10,18,18,34
Anthony,Walker Jr,75,30,3,6,17,85,78,96,61,70,6,48,22,10,32,58,85
Benjamin,Morrison,75,21,21,6,2,92,57,82,67,77,8,78,22,81,30,74,49
Deion,Jones,75,30,45,6,12,87,73,78,56,74,6,38,19,10,35,73,76
Emeka,Egbuka,75,22,9,6,20,90,60,88,76,84,22,80,21,75,34,22,30
Tykee,Smith,75,24,23,6,5,90,58,91,60,75,30,72,10,65,25,77,69
Christian,Izien,74,25,29,6,2,92,52,85,57,68,24,70,11,64,23,72,66
Jacob,Parrish,74,21,25,6,2,94,65,90,56,73,13,77,32,55,30,73,63
Jalen,McMillan,74,23,15,6,20,90,60,86,75,82,15,80,19,71,37,14,29
Anthony,Nelson,73,28,98,6,7,80,77,86,33,47,6,27,19,9,31,41,83
Bryce,Hall,73,27,34,6,2,89,57,83,64,70,6,71,14,40,27,73,65
Chris,Braswell,73,23,43,6,15,86,79,84,48,51,6,46,17,10,31,44,80
Graham,Barton,73,23,62,6,1,74,86,88,28,32,7,14,24,10,80,12,37
Greg,Gaines,73,29,96,6,3,71,87,90,45,39,6,24,12,10,42,21,78
Sterling,Shepard,73,32,17,6,20,87,68,86,75,80,20,84,22,73,43,20,33
Trey,Palmer,73,24,10,6,20,95,54,88,72,83,10,73,15,77,43,36,46
Logan,Hall,72,25,90,6,3,76,85,86,35,37,6,29,15,10,35,24,82
Adam,Gotsis,70,32,97,6,3,74,82,81,43,39,6,20,17,9,29,22,79
Kindle,Vildor,70,27,22,6,2,89,56,80,58,68,24,77,37,60,25,67,55
Ben,Bredeson,69,27,68,6,8,71,86,89,20,12,6,10,16,10,74,11,20
David,Walker,69,25,51,6,7,83,78,89,58,60,6,59,20,10,36,59,75
Elijah,Roberts,69,23,95,6,3,80,83,92,40,28,15,31,25,31,37,33,76
Josh,Hayes,69,26,32,6,2,91,58,86,55,67,6,67,15,50,28,70,53
Tez,Johnson,69,23,83,6,20,89,58,78,75,82,45,83,22,77,40,25,19
Michael,Jordan,68,27,60,6,8,69,79,84,40,30,6,10,22,10,76,14,34
Rakim,Jarrett,68,24,18,6,20,91,65,90,72,80,10,72,15,71,42,20,27
SirVocea,Dennis,68,25,8,6,17,85,66,84,61,63,44,63,12,30,41,62,81
Elijah,Klein,67,25,79,6,16,62,83,82,42,31,15,19,24,10,77,12,33
Jose,Ramirez,67,26,33,6,15,81,71,84,45,37,6,52,10,10,38,30,78
Dennis,Houston,66,26,89,6,20,89,65,86,75,80,20,73,14,69,40,19,31
Kaevon,Merriweather,66,25,26,6,5,85,63,88,52,63,11,64,13,35,34,63,68
Ryan,Miller,66,25,81,6,20,88,63,81,70,78,11,79,17,43,34,11,30
Sean,Tucker,66,23,44,6,4,92,76,88,87,69,21,72,21,65,38,18,35
Sua,Opeta,66,29,76,6,8,71,92,83,23,28,6,28,22,10,72,16,48
Ko,Kieft,65,27,41,6,19,73,75,92,72,74,16,59,12,10,64,10,34
Markees,Watts,65,25,58,6,15,81,71,82,51,52,6,46,17,10,37,48,72
Mike,Greene,65,26,91,6,3,67,83,79,31,40,11,10,11,10,34,18,79
Tyrek,Funderburk,65,24,24,6,2,92,58,81,61,60,6,72,15,35,26,64,51
J.J.,Roberts,64,23,36,6,5,91,62,88,62,62,6,64,14,78,30,65,66
Luke,Haggard,64,25,72,6,16,67,84,84,27,20,6,17,20,9,72,13,29
Rashad,Wisdom,64,24,38,6,5,87,57,85,63,68,15,74,13,60,24,58,67
Charlie,Heck,63,28,77,6,11,67,84,93,30,35,6,34,12,10,76,14,36
Kameron,Johnson,63,23,19,6,20,90,63,79,69,75,26,79,13,84,32,24,26
Payne,Durham,63,25,87,6,19,77,73,89,72,78,20,66,19,18,59,18,44
Shilo,Sanders,63,25,28,6,5,86,60,84,60,67,6,61,14,41,30,62,63
Antonio,Grier Jr,62,25,48,6,12,85,74,83,44,48,6,36,12,10,29,53,78
C.J.,Brewer,62,27,52,6,3,73,80,78,45,49,7,19,9,5,36,24,73
Desmond,Watson,62,22,56,6,3,41,96,79,30,30,6,15,14,10,37,18,81
Devin,Culp,62,25,82,6,19,90,68,84,71,76,10,68,15,18,51,18,33
Raiqwon,O'Neal,61,25,75,6,8,71,81,83,32,30,19,10,19,10,69,18,34
Jake,Majors,59,23,65,6,1,65,83,82,21,23,7,10,13,10,74,13,25
Kyle,Trask,59,27,2,6,14,69,57,87,62,33,77,51,38,14,19,13,26
Michael,Pratt,59,23,11,6,14,81,66,92,65,38,76,63,19,10,18,10,17
Ben,Scott,58,24,66,6,1,68,84,83,23,23,6,10,12,10,73,12,24
Eric,Banks,58,27,93,6,7,72,74,79,32,35,35,36,12,10,30,36,77
Evan,Deckers,58,26,86,6,10,67,62,82,65,67,6,45,18,10,44,19,39
Budda,Baker,92,29,3,7,5,90,72,93,72,75,12,81,20,66,29,83,81
Trey,McBride,92,25,85,7,19,87,73,87,75,98,10,71,20,35,56,18,38
James,Conner,85,30,6,7,4,89,83,92,89,68,14,84,16,55,53,13,33
Josh,Sweat,85,28,10,7,15,85,81,84,47,50,6,35,12,10,32,43,88
Paris,Johnson Jr,84,24,70,7,11,73,89,87,35,32,6,10,26,10,85,11,40
Calais,Campbell,82,39,93,7,3,72,89,89,46,41,6,15,30,10,32,24,81
Jalen,Thompson,81,27,34,7,5,90,60,85,58,78,6,70,21,60,25,70,82
Garrett,Williams,80,24,21,7,2,88,63,84,55,72,48,73,17,67,21,80,65
Hjalte,Froholdt,80,29,72,7,1,71,91,86,30,42,6,19,20,10,85,12,44
Kyler,Murray,79,28,1,7,14,92,59,85,69,50,83,86,15,10,12,20,34
Marvin,Harrison Jr,79,23,18,7,20,93,57,88,75,84,10,80,15,50,35,21,24
Sean,Murphy-Bunting,79,28,23,7,2,91,59,83,63,76,6,74,26,60,22,77,47
Mack,Wilson Sr,78,27,2,7,12,87,79,88,59,69,39,54,14,10,36,67,83
Michael,Wilson,78,25,14,7,20,89,72,80,72,89,20,76,24,60,45,13,42
Dalvin,Tomlinson,77,31,94,7,3,70,89,91,27,34,6,28,17,14,39,26,83
Walter,Nolen,77,21,97,7,3,81,87,90,43,41,11,32,18,29,34,20,83
Evan,Brown,76,28,63,7,8,69,90,84,29,25,5,11,12,9,79,13,35
Trey,Benson,76,23,33,7,4,93,77,82,95,70,20,85,14,77,40,31,49
Zaven,Collins,76,26,25,7,7,85,76,85,56,73,35,34,17,10,36,69,87
Zay,Jones,76,30,17,7,20,89,76,78,73,88,29,78,17,81,45,20,34
Blake,Gillikin,75,27,12,7,13,73,49,60,30,35,21,16,83,10,7,18,28
Will,Johnson,75,22,0,7,2,89,62,81,69,77,6,76,21,53,25,75,57
Baron,Browning,74,26,5,7,7,86,75,83,49,50,14,33,13,10,34,60,79
Bilal,Nichols,74,28,92,7,3,73,87,87,42,44,6,37,10,10,38,24,85
Chad,Ryland,74,25,38,7,6,73,40,63,32,35,30,10,76,10,11,12,24
Jonah,Williams,74,27,73,7,18,69,85,87,43,34,6,28,16,10,80,18,39
Justin,Jones,74,29,98,7,3,72,84,84,27,25,6,25,12,45,38,25,79
Max,Melton,74,23,16,7,2,93,60,83,55,77,19,74,12,65,28,74,52
Darius,Robinson,73,23,56,7,3,74,87,85,29,25,19,17,21,8,32,33,78
Greg,Dortch,73,27,4,7,20,90,43,76,68,87,23,85,14,82,29,22,23
Jordan,Burch,73,23,52,7,7,83,81,83,52,52,11,51,23,35,35,42,82
Kelvin,Beachum,73,36,68,7,11,63,87,71,30,42,6,20,17,10,74,20,45
Starling,Thomas V,73,25,24,7,2,93,56,79,52,65,24,73,18,64,30,72,63
BJ,Ojulari,72,23,9,7,15,86,75,76,30,29,6,41,21,10,47,46,76
Akeem,Davis-Gaither,71,27,27,7,17,87,70,88,62,63,12,63,19,40,26,64,79
Elijah,Jones,71,25,28,7,2,91,48,84,57,77,18,71,10,35,24,70,65
Emari,Demercado,71,26,31,7,4,91,65,85,90,67,18,79,14,78,47,16,35
Kei'Trel,Clark,71,24,13,7,2,92,51,74,59,73,6,79,11,77,18,69,45
Michael,Carter,71,26,22,7,4,87,66,84,89,69,31,85,16,80,32,13,27
Quez,Watkins,71,27,16,7,20,93,41,78,72,84,10,75,12,79,33,14,29
Xavier,Thomas,71,25,54,7,15,85,78,84,42,60,8,50,17,10,36,40,79
Dadrion,Taylor-Demerson,70,24,42,7,5,92,57,84,71,70,20,78,11,55,22,67,69
Dante,Stills,70,25,55,7,3,76,80,84,40,44,15,35,8,10,32,26,78
Denzel,Burke,70,22,29,7,2,90,61,83,56,71,17,71,25,77,30,70,51
Jacoby,Brissett,70,32,7,7,14,79,73,90,65,27,81,62,20,14,26,15,39
Jaylon,Jones,70,27,37,7,2,92,63,78,60,57,6,69,12,30,29,68,64
Mykal,Walker,70,28,43,7,12,87,72,88,47,68,6,60,14,10,36,63,81
Royce,Newman,70,28,71,7,16,67,83,72,27,22,6,12,12,10,74,12,23
Zonovan,Knight,70,24,35,7,4,88,69,85,83,66,23,82,15,78,31,11,36
Cody,Simon,69,23,50,7,12,87,73,88,61,64,6,56,21,10,35,60,80
Isaiah,Adams,69,25,74,7,16,65,86,90,29,32,26,32,11,5,78,11,40
L.J.,Collier,69,29,91,7,3,77,83,84,38,40,6,19,10,10,32,22,80
DeeJay,Dallas,68,26,20,7,4,88,75,83,90,71,35,76,16,76,46,29,42
Jammie,Robinson,68,24,26,7,5,86,67,88,64,70,23,75,11,69,40,66,72
Nick,Leverett,68,28,60,7,16,67,85,76,25,28,6,19,11,10,72,10,34
Owen,Pappoe,68,24,44,7,17,89,77,82,55,62,17,70,12,30,32,64,76
Tip,Reiman,68,23,87,7,19,84,77,87,75,80,10,62,19,18,64,18,34
Christian,Jones,67,25,75,7,18,71,84,85,42,32,16,10,10,10,77,11,33
Simi,Fehoko,67,27,80,7,20,90,66,83,75,81,12,72,15,40,38,33,43
Darren,Hall,66,25,30,7,5,90,60,84,53,65,6,66,15,50,28,66,59
Jon,Gaines II,66,25,59,7,1,72,77,76,28,25,6,15,12,10,77,11,25
Kitan,Crawford,66,23,36,7,5,92,64,87,62,62,6,65,15,83,30,66,65
Tejhaun,Palmer,66,25,83,7,20,91,69,85,66,80,17,76,15,34,36,17,29
Xavier,Weaver,66,24,89,7,20,91,56,84,76,78,32,79,18,72,31,15,27
Elijah,Higgins,65,24,84,7,19,89,69,90,71,78,10,72,18,50,37,17,24
Hayden,Conner,65,23,58,7,8,65,86,88,38,21,6,18,22,20,74,11,35
Josiah,Deguara,65,28,47,7,19,85,78,87,74,81,25,59,16,30,61,13,41
Joey,Blount,64,26,32,7,5,92,65,88,61,62,11,75,14,40,26,61,60
Jake,Curhan,63,27,64,7,8,57,81,78,37,31,6,10,17,10,77,10,32
Aaron,Brewer,62,35,46,7,10,73,68,69,50,55,6,35,13,10,52,30,58
Clayton,Tune,62,26,15,7,14,84,60,91,62,28,77,60,14,50,19,14,23
Andre,Baccellia,61,28,82,7,20,94,51,67,62,72,21,77,14,76,26,19,20
Benton,Whitley,61,26,49,7,7,79,76,86,45,47,6,55,13,10,33,38,72
Vi,Jones,58,27,53,7,17,88,61,80,55,56,11,60,15,25,36,54,73
Derwin,James Jr,93,29,3,8,5,90,80,91,72,78,14,77,15,78,28,84,80
Rashawn,Slater,93,26,70,8,11,75,93,88,24,25,6,10,15,10,83,11,35
Khalil,Mack,87,34,52,8,15,85,87,92,61,62,6,54,22,10,37,55,86
Justin,Herbert,86,27,10,8,14,86,71,95,68,39,87,67,16,12,21,15,36
Ladd,McConkey,84,23,15,8,20,92,57,82,71,89,10,84,12,78,33,15,34
Daiyan,Henley,83,25,0,8,17,88,65,85,64,72,6,71,44,60,36,75,89
Joe,Alt,82,22,76,8,18,71,89,95,59,57,42,39,14,15,86,14,44
Najee,Harris,82,27,22,8,4,88,82,93,95,67,35,85,15,53,50,24,44
Josh,Harris,81,36,47,8,10,77,68,85,71,55,10,40,13,10,56,22,56
Mekhi,Becton Sr,81,26,73,8,16,71,93,85,40,35,6,10,20,10,83,14,42
J.K.,Scott,80,28,16,8,13,75,51,67,36,21,27,17,80,10,17,14,30
Tarheeb,Still,80,23,29,8,2,89,56,76,60,79,9,72,17,80,15,79,60
Cameron,Dicker,79,25,11,8,6,76,51,70,29,28,23,10,89,10,15,10,34
Elijah,Molden,79,26,2,8,5,90,57,87,63,65,6,80,13,60,29,78,70
Alohi,Gilman,78,27,32,8,5,87,63,92,58,73,6,71,17,45,26,73,69
Donte,Jackson,78,29,26,8,2,93,49,67,63,79,6,79,13,77,24,75,49
Tony,Jefferson,78,33,23,8,5,87,74,80,55,64,6,70,19,40,27,76,74
Omarion,Hampton,77,22,8,8,4,90,78,94,91,73,17,82,18,76,44,32,43
Zion,Johnson,77,25,77,8,8,66,90,89,34,25,6,10,18,10,82,11,34
Denzel,Perryman,76,32,6,8,12,82,84,88,65,60,6,30,20,10,34,57,82
Quentin,Johnston,76,23,1,8,20,93,70,87,72,86,15,79,18,40,38,16,31
Benjamin,St-Juste,75,27,24,8,2,91,60,74,56,63,6,69,13,35,27,73,65
Teair,Tart,75,28,90,8,3,71,88,88,40,34,6,10,13,15,37,18,82
Tuli,Tuipulotu,75,22,45,8,7,77,88,90,33,35,7,31,28,10,39,49,80
Tyler,Conklin,75,30,83,8,19,83,66,84,74,90,15,67,17,10,57,16,28
Andre,James,74,28,78,8,1,67,83,83,37,29,6,10,21,10,77,14,32
Da'Shawn,Hand,74,29,91,8,3,76,88,85,28,27,6,29,16,10,33,24,84
Will,Dissly,74,29,89,8,19,82,78,85,74,83,19,73,14,25,65,17,45
Bradley,Bozeman,73,30,75,8,1,71,85,90,20,12,6,10,16,10,81,11,20
Bud,Dupree,72,32,48,8,15,83,76,84,50,62,6,46,20,10,32,50,79
Cam,Hart,72,24,20,8,2,91,59,86,66,70,30,75,22,65,30,74,62
Nyheim,Hines,72,28,31,8,4,90,62,81,85,73,15,84,13,91,26,15,27
Tre,Harris,72,23,9,8,20,88,68,89,71,82,45,81,25,69,42,26,21
Ja'Sir,Taylor,71,26,36,8,2,92,53,74,60,65,6,74,18,70,25,69,50
Jalen,Reagor,71,26,88,8,20,92,62,86,69,78,15,81,16,82,34,18,28
Junior,Colson,71,22,25,8,12,86,75,94,57,55,19,63,15,35,47,67,83
Derius,Davis,70,24,12,8,20,94,63,82,72,82,10,80,16,87,31,23,34
Jamaree,Caldwell,70,25,99,8,3,67,87,90,36,19,9,19,26,29,36,13,75
Justin,Eboigbe,70,24,92,8,3,66,83,85,52,44,13,29,17,21,31,43,82
KeAndre,Lambert-Smith,70,23,84,8,20,93,60,84,75,80,19,72,30,74,35,62,44
Trey,Pipkins III,70,28,79,8,11,69,83,85,42,47,6,10,11,10,77,12,40
Troy,Dye,70,28,43,8,17,87,71,89,55,61,12,62,19,35,31,63,79
Hassan,Haskins,69,25,28,8,4,89,77,84,91,66,20,77,14,66,45,22,41
Kyle,Kennard,69,23,54,8,7,81,78,87,45,48,12,35,25,27,35,50,78
Raheim,Sanders,69,22,35,8,4,90,72,82,88,67,14,80,19,64,36,28,34
Scott,Matlock,69,25,44,8,4,74,85,79,70,68,10,41,16,10,79,17,76
Brenden,Rice,68,23,82,8,20,89,61,86,71,79,20,76,17,80,40,19,20
Deane,Leonard,68,25,33,8,2,93,60,79,55,57,12,70,15,35,27,66,62
Oronde,Gadsden II,68,22,86,8,19,84,73,84,73,79,22,68,16,33,51,24,29
Otito,Ogbonnia,68,25,93,8,3,62,86,85,24,26,6,24,19,9,39,28,79
Jamaree,Salyer,67,25,68,8,18,63,88,84,30,23,6,10,14,10,74,10,33
Kimani,Vidal,67,24,30,8,4,90,70,85,87,68,15,76,16,72,27,15,33
R.J.,Mickens,67,24,27,8,5,89,63,90,60,66,6,61,15,42,30,67,66
Trikweze,Bridges,67,24,31,8,2,91,62,92,59,73,18,72,28,78,30,70,52
Taylor,Heinicke,66,32,4,8,14,83,58,86,62,41,79,65,18,5,12,7,25
Branson,Taylor,65,23,71,8,8,63,85,86,24,18,6,10,16,10,75,14,30
Del'Shawn,Phillips,65,28,53,8,9,87,72,83,58,65,6,62,14,10,33,59,76
Dez,Fitzpatrick,65,27,87,8,20,89,59,87,70,78,15,72,40,50,32,17,29
Jaret,Patterson,65,25,34,8,4,85,61,84,79,66,16,83,12,55,31,31,37
Naquan,Jones,65,27,96,8,3,61,82,78,42,33,6,15,15,25,43,13,78
Caleb,Murphy,64,25,50,8,7,79,70,83,45,47,12,64,10,15,33,42,71
Kendall,Williamson,64,25,40,8,5,91,63,83,57,62,12,69,15,44,28,66,47
Nikko,Reed,64,22,46,8,2,90,62,81,57,65,6,72,15,50,25,68,53
Christopher,Hinton,63,24,98,8,3,63,84,85,41,24,6,22,11,10,38,10,80
Garmon,Randolph,63,24,97,8,15,80,78,83,33,34,6,31,13,10,33,39,76
Myles,Purchase,63,22,49,8,2,89,61,76,55,64,6,70,13,52,25,69,50
Trey,Lance,63,25,5,8,14,87,71,89,68,51,77,76,18,43,27,36,52
Kana'i,Mauga,62,25,56,8,17,83,75,86,55,55,7,48,24,15,35,56,72
Karsen,Barnhart,62,24,61,8,16,65,82,88,29,19,6,10,14,15,74,14,55
Nash,Jones,62,23,62,8,16,62,87,82,26,25,6,10,11,10,73,13,24
TeRah,Edwards,62,24,94,8,3,65,87,88,37,36,6,19,12,10,36,20,76
Jordan,Oladokun,61,23,37,8,2,85,59,83,56,66,6,69,17,55,25,69,53
Tucker,Fisk,59,26,42,8,19,65,79,87,73,68,10,60,12,25,63,14,58
Stevo,Klotz,58,23,41,8,19,79,64,82,70,74,10,58,12,15,58,15,38
Chris,Jones,97,31,95,9,3,73,96,93,29,29,6,31,17,9,32,26,91
Patrick,Mahomes,95,29,15,9,14,85,70,99,66,59,92,76,10,10,23,18,26
Creed,Humphrey,94,27,52,9,1,74,90,98,34,25,6,10,11,10,94,9,39
Trent,McDuffie,94,24,22,9,2,92,61,86,59,69,6,73,21,68,25,94,68
Travis,Kelce,93,35,87,9,19,82,79,94,72,95,55,78,32,6,62,13,45
Trey,Smith,90,26,65,9,16,71,95,92,32,24,6,10,22,10,94,11,32
Drue,Tranquill,84,30,23,9,17,88,77,93,63,59,6,56,20,10,33,69,86
George,Karlaftis,84,24,56,9,7,80,85,91,42,47,6,33,14,10,31,20,87
Leo,Chenal,84,24,54,9,9,88,82,90,68,52,18,62,21,25,40,67,86
Isiah,Pacheco,83,25,10,9,4,93,80,89,95,72,28,84,14,80,32,26,37
Nick,Bolton,83,25,32,9,12,87,74,89,54,64,6,42,11,10,31,66,88
Rashee,Rice,83,25,4,9,20,90,71,88,72,94,22,80,20,40,45,14,32
Harrison,Butker,82,30,7,9,6,74,44,63,26,30,28,28,91,10,17,15,15
Kareem,Hunt,80,30,29,9,4,86,81,89,93,71,20,84,16,55,58,21,31
Marquise,Brown,80,28,5,9,20,94,44,86,72,86,22,86,16,78,30,22,18
Xavier,Worthy,80,22,1,9,20,99,47,78,73,84,51,84,20,83,26,16,19
Bryan,Cook,78,25,6,9,5,90,67,89,61,70,6,64,17,35,30,70,78
Mike,Danna,78,27,51,9,15,81,82,86,31,31,6,31,13,6,30,21,90
Jaylen,Watson,77,26,35,9,2,93,66,80,59,64,14,73,17,45,29,77,58
Kristian,Fulton,77,26,8,9,2,89,59,83,56,61,6,71,11,42,18,80,48
Chamarri,Conner,76,25,27,9,5,89,66,87,59,69,12,69,14,55,33,75,66
Charles,Omenihu,76,28,90,9,7,74,83,84,41,46,6,28,15,10,31,41,78
Jawaan,Taylor,76,27,74,9,18,67,87,84,30,35,6,10,20,10,70,12,38
Elijah,Mitchell,75,27,25,9,4,88,71,81,94,69,16,84,19,76,33,16,27
Josh,Simmons,75,22,71,9,11,71,88,86,30,18,6,10,15,10,80,14,34
Joshua,Williams,75,25,2,9,2,89,59,84,64,71,6,72,13,55,29,75,60
JuJu,Smith-Schuster,75,28,9,9,20,87,72,91,70,85,19,80,17,77,48,41,43
Matt,Araiza,75,25,14,9,13,83,49,76,35,27,25,32,79,10,16,13,34
Noah,Gray,75,26,83,9,19,85,69,85,78,89,37,67,18,28,55,16,37
Ashton,Gillotte,73,22,97,9,7,84,78,91,38,35,11,37,21,28,37,32,79
Jaden,Hicks,73,23,21,9,5,89,67,88,68,71,30,70,15,50,33,72,69
Nazeeh,Johnson,73,27,13,9,2,93,56,86,61,68,12,72,14,35,30,71,55
Nohl,Williams,73,22,20,9,2,89,63,92,68,79,6,72,18,79,30,75,64
Felix,Anudike-Uzomah,72,23,91,9,15,81,72,82,34,32,6,36,29,10,28,27,78
Kingsley,Suamataia,72,22,76,9,8,71,89,85,31,35,12,15,25,10,78,18,40
Skyy,Moore,72,24,24,9,20,89,69,80,79,83,37,83,18,60,36,29,30
Jalen,Royals,71,22,11,9,20,92,64,86,75,81,25,75,29,79,38,30,23
Jaylon,Moore,71,27,77,9,11,63,84,73,46,38,6,20,11,10,75,13,44
Jerry,Tillery,71,28,99,9,3,75,85,81,35,30,6,25,24,10,48,25,82
Mike,Pennel,71,34,69,9,3,67,85,75,40,32,6,15,16,10,41,18,84
Omarr,Norman-Lott,71,23,55,9,3,67,85,81,40,24,10,19,15,19,36,12,77
Carson,Steele,70,22,42,9,4,86,80,89,85,70,35,77,16,56,50,29,41
Gardner,Minshew II,70,29,17,9,14,80,62,95,60,26,83,64,16,13,19,13,31
Jared,Wiley,70,24,12,9,19,85,75,88,75,81,10,69,12,25,58,19,39
Mike,Edwards,70,29,34,9,5,88,63,90,60,78,6,69,25,40,24,69,63
Wanya,Morris,70,24,64,9,18,69,83,87,20,23,7,15,10,10,82,12,30
Brashard,Smith,69,22,30,9,4,93,64,85,87,69,15,81,18,84,30,22,27
Darius,Rush,69,25,46,9,2,93,53,80,63,72,41,72,15,72,30,70,49
Marlon,Tuipulotu,68,26,92,9,3,69,87,86,37,33,6,19,16,10,51,18,78
Robert,Tonyan,68,31,85,9,19,86,74,75,73,84,32,68,12,10,54,15,39
Tyquan,Thornton,68,25,2,9,20,92,55,79,76,81,30,72,14,72,35,15,19
Eric,Scott Jr,67,26,45,9,2,86,62,78,59,70,18,71,15,56,29,66,55
James,Winchester,67,36,41,9,10,80,67,75,64,60,10,37,24,10,46,20,42
Jason,Brownlee,67,26,89,9,20,86,64,85,68,77,19,82,13,72,35,21,30
Jeffrey,Bassa,67,22,31,9,17,85,69,88,58,54,6,53,19,10,34,64,80
Nikko,Remigio,67,25,81,9,20,87,63,83,71,82,12,80,20,82,33,16,31
Hunter,Nourzad,66,25,60,9,1,67,83,90,41,22,7,10,20,10,76,9,35
Janarius,Robinson,66,27,98,9,15,81,81,82,43,50,6,40,19,10,33,39,74
Deon,Bush,65,32,26,9,5,88,71,83,62,68,12,62,18,42,14,62,62
Bailey,Zappe,64,26,14,9,14,76,56,89,67,22,79,55,32,10,18,12,24
C.J.,Hanson,64,24,61,9,16,72,82,80,33,35,15,48,20,10,75,13,33
Cam,Jones,64,25,44,9,9,85,65,85,52,54,14,51,11,30,39,57,78
Fabien,Lovett Sr,64,25,96,9,3,73,84,82,26,30,6,20,15,10,36,28,74
Mike,Caliendo,64,27,66,9,8,60,82,79,32,42,6,12,11,10,71,12,25
Jake,Briningstool,63,22,88,9,19,81,71,81,72,78,10,64,13,18,58,17,37
Malik,Herring,63,26,94,9,15,75,78,78,42,34,6,41,10,10,35,18,78
Dalton,Cooper,62,24,73,9,18,73,86,82,26,23,6,10,11,10,77,11,24
Ethan,Driskell,62,25,75,9,18,64,87,84,26,28,15,33,25,36,74,11,34
Glendon,Miller,62,23,25,9,5,91,63,87,62,68,6,62,14,42,30,63,63
Chris,Roland-Wallace,61,23,30,9,2,86,64,89,62,65,34,72,15,55,26,64,50
Cole,Christiansen,61,28,48,9,12,82,73,87,60,57,6,47,13,42,35,50,79
Esa,Pole,61,24,79,9,11,63,83,84,24,27,6,11,13,10,72,12,25
Jack,Cochrane,60,26,43,9,12,84,70,75,63,62,26,61,15,25,42,56,78
Chris,Oladokun,55,27,19,9,14,82,60,87,61,41,71,58,23,22,21,10,28
Quenton,Nelson,92,29,56,10,8,70,95,91,35,19,6,12,15,10,92,10,34
DeForest,Buckner,88,31,99,10,3,76,90,92,44,40,6,28,19,11,42,38,90
Jonathan,Taylor,88,26,28,10,4,92,82,92,89,71,20,88,15,45,33,16,27
Kenny,Moore II,88,30,23,10,2,91,61,77,53,78,6,75,24,72,22,89,69
Charvarius,Ward,87,29,7,10,2,90,65,81,61,73,11,79,12,42,26,88,74
Bernhard,Raimann,85,27,79,10,11,71,91,83,50,46,10,29,31,10,84,15,33
Grover,Stewart,85,31,90,10,3,73,91,92,26,30,6,20,15,10,41,29,87
Braden,Smith,83,29,72,10,18,67,92,93,29,19,6,10,14,15,89,14,55
Camryn,Bynum,82,27,0,10,5,86,66,85,59,74,6,72,11,52,28,74,82
Michael,Pittman Jr,82,27,11,10,20,89,71,92,71,89,33,77,15,76,50,17,55
Josh,Downs,80,24,1,10,20,90,51,86,74,90,42,76,25,74,32,10,22
Zaire,Franklin,80,29,44,10,12,84,80,89,52,61,6,48,20,10,32,59,88
Alec,Pierce,79,25,14,10,20,93,67,84,75,87,12,73,16,65,35,25,29
Luke,Rhodes,79,32,46,10,10,80,80,88,47,54,6,55,20,35,51,52,75
Kwity,Paye,77,26,51,10,15,84,86,84,57,46,6,45,18,10,36,31,85
Rigoberto,Sanchez,77,30,8,10,13,70,51,69,47,38,32,10,83,10,18,22,29
Khalil,Herbert,76,27,26,10,4,88,73,77,94,66,17,86,12,85,34,14,31
Laiatu,Latu,76,24,97,10,15,84,77,84,45,54,5,39,10,10,35,49,78
Nick,Cross,76,23,20,10,5,92,67,83,54,73,16,67,23,40,29,69,80
Samuel,Womack III,76,26,33,10,2,92,46,67,52,69,6,73,12,50,19,75,58
Jaylon,Jones,75,23,40,10,2,89,62,80,63,67,14,69,13,60,25,76,61
Samson,Ebukam,75,30,52,10,15,84,83,87,41,52,6,57,20,10,33,55,82
Tyler,Warren,75,23,84,10,19,84,80,92,73,81,49,70,33,42,61,32,46
JT,Tuimoloau,74,22,91,10,7,80,82,92,50,57,16,38,16,25,34,49,77
JuJu,Brents,74,25,29,10,2,88,52,86,61,67,19,73,15,49,29,71,63
Adonai,Mitchell,73,22,10,10,20,94,51,79,72,81,20,77,15,67,42,14,27
Mo,Alie-Cox,73,31,81,10,19,82,70,86,72,83,10,62,14,10,60,12,28
Tre,Herndon,73,29,42,10,2,87,56,82,53,58,6,71,11,65,17,76,49
Tyquan,Lewis,73,30,94,10,15,80,83,88,28,33,6,29,13,10,31,34,82
Anthony,Richardson Sr,72,23,5,10,14,91,73,90,57,39,79,78,17,20,27,14,33
Ashton,Dulin,72,28,16,10,20,92,61,83,74,83,17,78,14,79,34,14,41
Corey,Ballentine,71,29,38,10,2,89,61,82,52,65,6,74,17,84,17,70,58
DJ,Giddens,71,22,21,10,4,91,70,89,92,63,14,80,18,38,33,24,35
Justin,Walley,71,22,27,10,2,92,55,94,65,74,6,70,25,48,30,74,56
Matt,Goncalves,71,24,71,10,16,66,84,86,25,12,6,10,14,10,76,11,32
Neville,Gallimore,71,28,92,10,3,80,80,86,38,34,6,29,15,10,40,20,84
Rodney,Thomas II,71,26,25,10,5,89,61,78,57,73,17,65,14,37,26,68,60
Duke,Shelley,70,28,34,10,2,88,53,82,60,68,6,68,13,47,26,74,61
Jaylon,Carlies,70,23,57,10,17,89,72,85,61,76,12,56,13,10,36,65,77
Tanor,Bortolini,70,23,60,10,1,74,82,82,40,25,6,10,12,10,78,12,37
Anthony,Gould,69,24,6,10,20,94,47,81,67,78,12,72,13,82,28,13,20
Daniel,Jones,69,28,17,10,14,87,67,94,56,38,82,70,50,10,19,16,24
David,Long Jr,69,27,34,10,2,90,61,82,65,68,6,76,25,45,25,72,52
Jelani,Woods,69,26,80,10,19,85,78,85,72,78,63,71,14,15,61,16,38
Maddux,Trujillo,69,22,48,10,6,74,39,57,22,24,30,24,74,5,9,14,13
Salvon,Ahmed,69,26,36,10,4,91,62,83,86,65,20,81,10,75,34,29,31
Spencer,Shrader,69,26,3,10,6,67,42,63,29,32,27,10,78,10,12,12,25
Daniel,Scott,68,26,32,10,5,91,67,79,60,70,29,72,21,55,28,69,61
Jacob,Phillips,68,26,54,10,9,82,73,88,47,56,6,36,20,10,40,54,82
Jalen,Travis,68,23,75,10,18,68,88,87,28,22,6,17,17,10,77,13,28
Laquon,Treadwell,68,30,13,10,20,85,70,83,74,83,19,76,22,25,35,20,38
Tyler,Goodson,68,24,31,10,4,92,57,73,80,67,20,81,21,56,31,19,24
Tim,Smith,67,23,93,10,3,68,83,90,37,21,11,17,18,22,34,14,80
Joe,Bachie,66,27,48,10,17,82,76,90,61,60,6,59,20,10,35,53,82
Segun,Olubi,66,25,50,10,17,90,66,80,53,63,14,66,29,35,36,62,75
Blake,Freeland,65,24,73,10,11,73,83,85,57,53,44,44,23,15,70,15,47
Dalton,Tucker,65,25,68,10,16,66,82,87,20,35,6,10,12,10,76,12,29
Danny,Pinter,65,29,63,10,1,74,82,85,38,48,6,25,21,10,80,14,37
Drew,Ogletree,65,27,85,10,19,82,74,78,74,79,10,64,14,10,56,10,26
Eric,Johnson II,65,27,98,10,3,77,79,82,30,32,6,25,14,10,37,16,77
Hunter,Wohler,65,22,30,10,5,87,63,84,60,64,6,63,15,70,30,64,67
Riley,Leonard,65,22,15,10,14,86,70,87,69,39,76,72,33,28,31,31,37
Will,Mallory,65,26,86,10,19,87,72,91,70,78,16,72,13,20,50,13,33
Adetomiwa,Adebawore,64,24,95,10,3,89,84,88,35,30,10,41,21,10,35,22,66
D.J.,Montgomery,64,28,2,10,20,90,53,81,70,75,11,78,16,70,45,23,37
Isaiah,Land,64,25,55,10,7,85,69,75,47,52,14,51,14,35,40,45,71
Cameron,McGrone,63,25,59,10,12,87,69,75,60,56,6,35,12,10,37,56,78
Sean,McKeon,63,27,49,10,19,83,72,81,68,79,10,60,19,18,57,18,52
Blayne,Taylor,62,23,4,10,20,91,66,84,71,75,22,72,19,72,37,23,31
Trey,Washington,62,22,41,10,5,89,67,84,58,64,6,71,14,74,24,65,64
Liam,Anderson,61,25,47,10,12,87,70,86,62,65,6,58,13,10,35,62,76
Luke,Tenuta,61,26,67,10,18,59,81,75,35,34,6,10,13,10,74,11,49
Wesley,French,61,28,62,10,8,66,87,82,42,39,6,19,11,10,69,13,52
Josh,Sills,60,27,66,10,8,64,78,87,40,35,5,22,38,10,73,11,25
Micah,Parsons,98,26,11,11,7,90,89,87,69,62,6,71,20,60,33,63,89
CeeDee,Lamb,95,26,88,11,20,90,70,91,76,95,26,92,33,80,44,22,38
Tyler,Smith,88,24,73,11,8,72,97,89,39,35,6,10,18,10,88,11,30
Brandon,Aubrey,87,30,17,11,6,82,49,76,28,30,26,34,98,10,16,17,28
DaRon,Bland,87,26,26,11,2,90,60,86,58,85,6,82,19,40,25,90,67
Dak,Prescott,84,32,4,11,14,84,75,97,68,42,88,71,22,13,34,15,42
Trevon,Diggs,84,27,7,11,2,91,69,80,74,86,6,72,20,78,29,82,58
George,Pickens,83,24,3,11,20,91,61,79,72,86,10,80,16,74,41,15,24
Bryan,Anger,81,36,5,11,13,73,55,82,60,65,28,54,89,10,21,18,34
Jake,Ferguson,81,26,87,11,19,81,69,84,72,91,20,75,19,10,64,18,37
Malik,Hooker,79,29,28,11,5,88,76,79,68,81,12,69,19,48,16,72,75
Osa,Odighizuwa,79,27,97,11,3,77,85,89,29,26,6,25,18,10,33,23,86
Javonte,Williams,78,25,33,11,4,88,80,88,89,69,10,83,14,42,52,18,35
Tyler,Booker,77,21,52,11,16,60,94,91,20,23,6,10,13,10,80,12,54
Dante,Fowler Jr,76,31,13,11,15,82,73,77,55,51,6,45,22,10,29,43,78
DeMarvion,Overshown,76,25,0,11,17,88,64,82,59,66,6,66,16,10,40,67,81
Donovan,Wilson,76,30,6,11,5,87,64,79,51,75,6,67,14,30,23,71,69
Jalen,Tolbert,76,26,1,11,20,91,61,87,75,84,20,77,14,45,34,15,23
Sam,Williams,76,26,54,11,15,89,79,78,35,42,6,27,14,10,33,35,82
Donovan,Ezeiruaku,75,21,41,11,7,83,77,89,42,38,7,34,15,28,39,38,78
KaVontae,Turpin,75,29,9,11,20,97,48,76,67,80,29,86,12,97,26,25,12
Cooper,Beebe,74,24,56,11,1,71,87,92,30,32,6,15,12,10,81,11,40
Kaiir,Elam,74,24,20,11,2,93,60,71,56,76,20,73,17,55,27,73,63
Miles,Sanders,74,28,27,11,4,90,69,84,88,66,26,83,12,77,35,15,33
Shavon,Revel Jr.,74,24,27,11,2,93,66,77,58,72,6,78,24,77,29,74,66
Kenneth,Murray Jr,73,26,59,11,12,87,73,85,55,60,20,54,12,10,34,59,85
Markquese,Bell,73,26,14,11,5,92,68,81,57,66,31,64,11,35,29,67,79
Mazi,Smith,73,24,58,11,3,74,91,88,31,33,6,15,12,10,39,13,84
Payton,Turner,73,26,98,11,15,80,82,84,39,37,6,36,15,10,31,29,84
Terence,Steele,73,28,78,11,18,75,88,88,40,41,6,10,12,10,83,18,32
Trent,Sieg,73,29,44,11,10,75,72,88,58,47,6,52,20,35,50,25,65
Tyler,Guyton,73,23,60,11,11,67,85,84,39,33,9,41,8,10,79,15,28
Caelen,Carson,72,23,21,11,2,88,52,84,54,68,12,70,17,45,20,70,66
Damone,Clark,72,25,18,11,12,90,67,84,58,57,14,61,15,10,39,67,91
Hunter,Luepke,72,25,40,11,4,86,69,87,74,76,30,68,21,67,64,25,49
Jack,Sanborn,72,25,57,11,12,80,72,90,63,65,6,54,21,12,38,58,78
Jaydon,Blue,72,21,34,11,4,93,65,86,84,71,19,80,25,69,35,30,30
Jonathan,Mingo,72,24,81,11,20,90,71,85,71,81,10,72,18,57,40,31,43
Marist,Liufau,72,24,35,11,9,84,73,90,62,60,21,57,24,10,44,68,75
Marshawn,Kneeland,72,24,94,11,7,81,78,83,24,26,6,34,18,10,28,32,79
Israel,Mukuamu,71,25,24,11,5,88,65,68,59,72,15,71,23,37,31,72,66
Joe,Milton III,71,25,10,11,14,85,64,82,60,27,78,56,21,10,18,11,24
Luke,Schoonmaker,71,26,86,11,19,85,72,85,73,80,10,60,14,15,61,37,52
Parris,Campbell,71,28,80,11,20,92,56,78,73,82,10,83,12,76,43,20,38
Solomon,Thomas,71,30,90,11,3,82,87,88,40,32,6,32,11,10,30,36,82
Deuce,Vaughn,70,23,42,11,4,89,58,89,92,66,16,82,12,69,32,13,25
Robert,Jones,70,26,65,11,8,65,88,83,37,24,6,20,20,10,77,11,32
Andrew,Booth Jr,69,24,25,11,2,91,62,87,58,71,24,74,18,64,30,69,54
James,Houston IV,69,26,53,11,7,84,72,82,35,32,17,45,15,10,33,31,77
Josh,Butler,69,28,31,11,2,91,56,78,54,60,20,72,11,42,23,70,61
Robert,Rochell,69,27,30,11,2,92,55,72,59,66,6,74,20,59,24,67,52
Jalen,Cropper,68,24,16,11,20,92,59,92,65,81,10,77,13,73,35,27,35
Phil,Mafah,68,22,37,11,4,88,75,93,90,67,31,77,30,80,36,32,41
Ryan,Flournoy,68,25,19,11,20,90,62,80,72,84,17,78,15,27,45,16,31
C.J.,Goodwin,67,35,29,11,2,93,66,66,69,68,10,73,22,54,25,66,48
Jalen,Brooks,67,25,83,11,20,86,61,82,71,82,15,75,15,60,28,14,28
Perrion,Winfrey,67,25,99,11,3,76,82,79,26,24,9,31,13,10,32,22,77
Saahdiq,Charles,67,26,77,11,8,70,85,86,26,20,6,15,12,11,77,12,35
T.J.,Bass,67,26,66,11,16,56,85,87,50,45,6,41,11,9,75,13,47
Brock,Hoffman,66,26,67,11,1,56,81,77,35,21,6,10,10,10,77,9,32
Earnest,Brown IV,66,26,51,11,3,72,83,80,33,36,6,32,22,10,31,34,72
Juanyeh,Thomas,66,25,2,11,5,87,65,81,65,62,6,67,16,67,29,66,69
Nathan,Thomas,66,24,71,11,11,66,85,87,57,53,15,41,15,10,75,12,28
Shemar,James,66,21,50,11,17,83,73,87,64,60,6,54,19,10,35,59,78
Ajani,Cornelius,65,23,69,11,18,64,86,88,30,20,6,14,12,10,75,11,29
Asim,Richards,65,24,76,11,11,67,87,78,57,52,6,39,12,10,68,12,45
Jay,Toia,65,22,93,11,3,65,86,91,41,20,10,17,21,26,46,14,73
Tommy,Akingbesote,65,22,92,11,3,69,82,85,37,21,10,18,21,27,36,15,73
Brevyn,Spann-Ford,64,25,89,11,19,80,72,88,70,77,10,63,22,27,56,34,55
Matt,Waletzko,64,25,79,11,18,71,85,79,31,20,6,10,11,10,75,11,28
Hakeem,Adeniji,63,27,75,11,18,66,84,90,40,25,6,10,12,10,74,14,36
John,Stephens Jr,63,25,49,11,19,83,77,82,73,77,11,57,18,46,59,17,34
Princeton,Fant,61,26,85,11,19,87,72,83,72,74,17,68,14,30,53,18,35
Will,Grier,56,30,15,11,14,79,57,90,58,29,72,57,44,10,14,15,21
Tyreek,Hill,95,31,10,12,20,98,64,93,77,91,27,95,15,92,40,15,27
Minkah,Fitzpatrick,92,28,29,12,5,91,64,88,66,79,6,79,13,68,27,88,78
Jaylen,Waddle,85,26,17,12,20,97,57,85,75,82,24,86,16,84,37,17,29
Zach,Sieler,84,29,92,12,3,78,89,88,29,36,6,33,12,10,32,24,84
De'Von,Achane,83,23,28,12,4,96,68,87,93,76,35,83,13,81,33,16,30
Darren,Waller,82,32,83,12,19,88,70,78,74,85,10,77,14,22,50,15,32
Jaelan,Phillips,82,26,15,12,7,86,83,76,39,39,6,35,14,10,29,44,84
Tua,Tagovailoa,82,27,1,12,14,83,61,93,69,32,92,70,14,10,21,14,28
Jordyn,Brooks,80,27,20,12,12,87,74,89,56,56,6,30,20,10,31,58,87
Bradley,Chubb,79,29,2,12,15,84,89,95,53,56,6,38,15,10,31,51,82
James,Daniels,79,27,78,12,8,66,86,82,28,20,6,10,14,10,80,12,28
Kenneth,Grant,78,21,90,12,3,68,92,93,44,45,11,23,25,28,36,18,82
Aaron,Brewer,77,27,55,12,1,74,79,84,22,31,6,25,12,10,88,16,31
Chop,Robinson,77,22,44,12,7,88,73,81,30,28,6,35,12,10,30,48,77
Jake,Bailey,77,28,16,12,13,82,43,43,40,39,22,16,80,10,7,19,29
Jason,Sanders,77,29,7,12,6,77,37,53,28,46,22,13,83,10,16,14,27
Ryan,Stonehouse,77,26,49,12,13,85,46,72,24,24,27,24,82,10,13,12,22
Alexander,Mattison,76,27,8,12,4,86,74,88,94,68,16,84,13,74,39,19,35
Kader,Kohou,76,26,4,12,2,93,63,85,53,70,6,75,30,45,25,73,52
Mike,Hilton,76,31,38,12,2,87,65,85,57,74,21,75,10,69,19,76,71
Jack,Jones,75,27,23,12,2,94,53,73,60,77,12,73,33,60,18,75,43
Nick,Westbrook-Ikhine,75,28,18,12,20,90,64,84,76,84,15,76,15,29,42,17,32
Alec,Ingold,74,29,30,12,4,83,78,87,80,71,47,71,37,32,74,18,50
Ashtyn,Davis,74,28,21,12,5,92,60,92,64,74,9,78,17,81,23,69,63
Austin,Jackson,74,26,73,12,18,72,84,91,24,31,6,26,20,10,83,27,54
Ifeatu,Melifonwu,74,26,9,12,5,88,64,81,59,73,37,72,23,65,32,72,64
Tyrel,Dodson,74,27,11,12,17,89,74,88,45,60,6,32,13,10,31,75,83
Jaylen,Wright,73,22,5,12,4,93,76,89,86,66,17,83,12,58,41,14,34
Jonah,Savaiinaea,73,21,72,12,16,74,84,90,30,21,6,11,15,10,79,10,20
Willie,Gay,73,27,40,12,9,87,73,84,56,68,6,64,18,14,35,60,84
Patrick,Paul,72,23,52,12,11,68,90,85,35,33,12,22,21,10,79,13,44
Jordan,Phillips,71,21,94,12,3,72,89,88,38,23,19,22,18,26,35,10,84
K.J.,Britt,71,26,3,12,17,81,74,88,55,49,6,35,20,10,37,65,81
Ollie,Gordon II,71,21,31,12,4,86,76,87,89,69,34,78,25,69,36,24,38
Pharaoh,Brown,71,31,85,12,19,80,75,71,74,83,10,74,19,15,61,15,35
Daniel,Brunskill,70,31,64,12,16,71,81,88,49,53,6,48,20,10,78,14,33
Kendall,Sheffield,70,29,14,12,2,91,56,81,63,59,6,72,15,71,25,70,58
Malik,Washington,70,24,6,12,20,90,59,83,68,85,25,81,15,78,32,17,29
Mohamed,Kamara,70,25,50,12,7,87,73,83,30,25,8,50,17,10,35,44,76
Artie,Burns,69,30,23,12,2,89,56,73,60,63,6,74,17,56,25,72,51
Cam,Smith,69,24,24,12,2,91,45,85,56,72,6,37,15,64,24,67,50
Channing,Tindall,69,25,41,12,17,91,69,83,55,49,11,61,17,30,33,55,82
Dee,Eskridge,69,28,82,12,20,92,58,76,71,78,10,81,13,83,32,26,40
Jason,Marshall Jr.,69,22,33,12,2,89,60,86,55,69,15,73,17,80,30,68,52
Benito,Jones,68,27,95,12,3,69,86,93,25,37,6,26,20,10,41,24,79
Tahj,Washington,68,24,7,12,20,88,53,87,76,82,10,81,11,76,31,14,20
Braeden,Daniels,67,25,66,12,18,73,79,80,40,34,6,10,32,10,75,12,36
Dante,Trader Jr.,67,22,25,12,5,84,62,87,61,69,18,63,15,70,30,68,66
Ethan,Bonner,67,25,27,12,2,92,53,78,55,63,10,70,22,55,23,67,50
Jackson,Carman,67,25,76,12,8,58,89,81,30,24,6,10,20,10,76,12,28
Liam,Eichenberg,67,27,74,12,16,68,85,76,24,24,6,12,13,10,75,14,26
Matthew,Butler,67,26,91,12,3,72,80,80,37,36,6,32,17,10,38,16,80
Zach,Wilson,67,26,0,12,14,83,61,87,66,60,78,67,45,10,18,14,23
Cameron,Goode,66,27,53,12,15,85,67,65,45,50,6,44,15,10,32,39,73
Larry,Borom,66,26,79,12,18,67,83,86,26,24,6,10,12,10,73,14,28
Erik,Ezukanma,65,25,84,12,20,88,68,85,73,80,15,74,15,50,41,14,20
Matt,Dickerson,65,29,98,12,3,72,81,86,26,30,6,17,12,10,34,28,79
Zeek,Biggers,65,21,93,12,3,69,84,84,36,18,6,18,18,25,36,17,75
Patrick,McMorris,64,23,32,12,5,87,63,80,74,71,27,72,15,44,34,65,63
Quinton,Bell,64,29,56,12,15,89,75,85,57,66,6,65,14,10,31,56,75
Elijah,Campbell,63,30,22,12,5,90,61,76,60,70,6,74,17,56,25,66,60
Eugene,Asante,63,25,51,12,12,90,69,87,62,53,6,55,18,10,35,58,79
Grayson,Murphy,63,24,42,12,15,85,76,83,50,50,10,44,15,35,29,38,70
Julian,Hill,63,25,89,12,19,83,75,87,70,74,53,69,15,35,61,19,34
Quinn,Ewers,63,22,14,12,14,78,66,85,54,41,77,49,32,18,22,29,23
Ryan,Hayes,63,25,77,12,11,66,78,85,51,45,43,41,51,10,76,11,40
Storm,Duck,63,24,36,12,2,91,63,79,62,71,8,71,15,69,20,62,52
Andrew,Meyer,62,25,60,12,1,70,86,85,21,22,6,10,10,10,74,10,25
Jalin,Conyers,62,24,47,12,19,81,74,80,73,75,10,62,15,18,57,17,37
Addison,West,61,24,65,12,8,69,81,83,25,22,6,10,12,10,73,12,24
Josh,Priebe,61,24,68,12,8,65,86,85,23,25,6,10,11,10,73,11,26
Joe,Cardona,60,33,67,12,10,75,80,88,70,56,10,25,14,10,49,20,44
Kion,Smith,58,26,71,12,11,61,75,80,27,23,6,10,10,5,75,10,32
Tanner,Conner,53,27,80,12,19,86,67,70,68,73,10,74,17,42,43,18,36
Lane,Johnson,99,35,65,13,18,77,93,91,67,64,54,54,22,10,97,16,60
Saquon,Barkley,99,28,26,13,4,95,81,90,97,74,35,97,14,81,35,14,28
Jordan,Mailata,96,28,68,13,11,74,97,93,64,57,6,51,13,10,98,15,52
A.J.,Brown,93,28,11,13,20,91,79,90,73,97,29,90,16,72,45,23,23
Jalen,Carter,90,24,98,13,3,82,94,89,48,50,6,44,43,10,57,25,86
DeVonta,Smith,89,26,6,13,20,92,49,87,72,93,19,83,15,82,35,33,36
Landon,Dickerson,88,26,69,13,8,67,93,94,28,31,6,11,12,10,87,8,36
Zack,Baun,88,28,53,13,17,87,80,90,61,66,40,68,19,10,32,78,94
Dallas,Goedert,87,30,88,13,19,86,78,85,73,88,10,76,15,20,62,14,37
Jalen,Hurts,86,27,1,13,14,89,76,93,63,66,90,88,23,22,30,19,37
Quinyon,Mitchell,85,24,27,13,2,94,66,87,75,79,18,75,19,66,27,84,69
Cooper,DeJean,83,22,33,13,2,92,65,88,70,80,52,74,26,80,40,80,72
Nolan,Smith Jr,81,24,3,13,7,90,69,84,49,50,16,55,20,25,32,47,85
Reed,Blankenship,80,26,32,13,5,87,61,79,65,75,16,73,23,65,25,73,70
Jake,Elliott,78,30,4,13,6,76,34,57,33,27,22,16,84,10,17,17,27
Jordan,Davis,78,25,90,13,3,80,96,87,53,34,6,22,11,10,43,15,81
Adoree',Jackson,77,29,8,13,2,92,54,78,67,73,6,84,32,86,27,77,46
Braden,Mann,77,27,10,13,13,78,45,83,25,30,15,10,82,10,22,25,44
Nakobe,Dean,77,24,17,13,12,87,66,87,62,66,6,60,20,10,33,64,87
A.J.,Dillon,76,27,29,13,4,88,85,88,94,68,15,76,12,25,57,14,29
Cam,Jurgens,76,26,51,13,1,75,83,80,45,47,6,42,15,10,84,10,26
Jihaad,Campbell,76,21,30,13,17,89,72,89,62,66,6,56,20,10,36,67,84
Joshua,Uche,74,26,0,13,7,87,73,79,44,48,5,43,12,10,30,52,80
Kelee,Ringo,74,23,7,13,2,94,58,78,62,71,6,68,22,54,25,72,59
Azeez,Ojulari,73,25,13,13,15,85,77,82,53,50,6,46,12,10,37,47,76
Jahan,Dotson,73,25,2,13,20,92,61,81,74,82,36,82,15,80,32,24,25
Sydney,Brown,73,25,21,13,5,90,69,83,65,76,29,72,31,62,28,71,64
Andrew,Mukuba,72,22,24,13,5,91,64,84,64,73,6,68,18,43,30,69,69
Matt,Pryor,72,30,79,13,16,60,86,85,21,23,6,17,13,10,79,11,27
Ogbo,Okoronkwo,72,30,50,13,7,81,83,85,40,41,5,39,10,10,35,48,77
Harrison,Bryant,71,27,85,13,19,83,71,84,73,79,13,65,18,38,59,27,47
Jalyx,Hunt,71,24,58,13,15,84,77,83,27,30,6,48,12,10,35,57,75
Kendall,Lamm,71,33,74,13,11,68,80,81,36,45,6,10,11,10,77,13,42
Mac,McWilliams,71,23,22,13,2,92,59,80,56,67,23,74,28,75,31,73,51
Terrace,Marshall Jr,71,25,46,13,20,90,67,82,74,83,15,78,15,45,42,15,27
Ty,Robinson,71,24,95,13,3,78,89,91,59,55,12,43,30,25,36,22,73
Will,Shipley,71,23,28,13,4,91,68,83,82,64,22,83,17,76,30,15,32
Byron,Young,70,24,94,13,3,71,82,82,40,37,6,29,11,10,32,19,81
Lewis,Cine,70,25,38,13,5,92,58,88,64,61,6,69,35,35,19,68,74
Ainias,Smith,69,24,82,13,20,87,60,83,75,81,12,81,13,81,37,27,32
Grant,Calcaterra,69,26,81,13,19,85,72,84,75,83,10,66,13,10,57,14,30
Kenyon,Green,69,24,76,13,8,64,84,87,22,25,6,14,13,10,78,11,34
Kylen,Granson,69,27,83,13,19,85,69,83,74,79,10,71,17,33,57,15,38
Tyler,Steen,69,25,56,13,16,64,91,85,23,24,8,10,11,10,69,13,48
Antwaun,Powell-Ryland,68,23,52,13,15,82,74,87,45,42,10,36,17,33,37,39,74
Johnny,Wilson,68,24,89,13,20,88,70,80,72,78,10,77,15,29,41,17,31
Moro,Ojomo,68,24,97,13,3,71,84,84,35,33,9,35,22,10,35,24,78
Smael,Mondon Jr.,68,22,42,13,12,86,70,92,59,52,22,46,17,10,34,61,81
Charley,Hughlett,67,35,47,13,10,71,73,76,65,57,6,30,13,10,61,25,57
Jeremiah,Trotter Jr,67,22,54,13,9,78,69,90,59,67,12,50,15,40,38,67,77
Parry,Nickerson,67,30,34,13,2,89,55,75,67,74,6,78,15,46,26,70,45
Thomas,Booker IV,67,25,59,13,3,74,85,83,40,39,6,32,11,10,40,15,78
Cameron,Williams,66,21,73,13,11,66,88,88,29,19,6,19,19,14,74,14,32
Kyle,McCord,66,22,19,13,14,75,62,91,58,29,80,43,29,18,28,16,36
Patrick,Johnson,66,26,48,13,7,83,75,92,50,46,6,35,21,13,34,45,77
Trevor,Keegan,66,25,77,13,8,64,85,89,25,31,12,19,24,10,75,10,34
Cameron,Latu,65,25,49,13,19,80,73,88,69,76,10,65,10,10,57,24,50
Drew,Kendall,65,23,66,13,1,71,81,90,23,22,6,10,12,10,74,11,23
Eli,Ricks,65,23,23,13,2,87,50,78,64,73,10,72,13,60,28,65,47
Elijah,Cooks,65,26,86,13,20,87,65,84,75,82,22,74,12,58,38,36,39
Maxen,Hook,65,24,37,13,5,88,64,87,60,66,6,68,15,79,30,67,64
Myles,Hinton,65,23,78,13,18,66,82,86,43,22,6,14,10,10,76,14,30
Tariq,Castro-Fields,65,26,46,13,2,93,60,73,55,58,6,71,19,48,25,64,54
Darian,Kinnard,64,25,72,13,18,62,86,86,24,23,6,13,12,10,72,8,32
Ochaun,Mathis,64,26,45,13,9,82,75,79,41,42,15,48,14,12,37,37,73
Avery,Williams,62,27,18,13,4,90,61,86,75,58,6,79,17,81,26,61,53
Dallas,Gant,62,25,57,13,12,83,68,85,56,56,6,37,20,10,29,64,77
Nick,Muse,62,26,87,13,19,82,80,84,74,76,20,61,19,15,60,23,38
Tristin,McCollum,62,26,36,13,5,90,57,76,61,65,11,75,14,45,26,66,60
Dorian,Thompson-Robinson,61,25,14,13,14,87,61,83,56,71,74,71,23,22,19,10,27
Hollin,Pierce,61,24,63,13,11,60,88,83,22,23,6,10,12,10,73,13,27
Tanner,McKee,61,25,16,13,14,77,61,87,58,20,75,37,11,5,13,8,20
Ben,VanSumeren,59,25,43,13,17,91,75,77,74,67,15,66,21,45,54,56,72
Brett,Toth,53,29,64,13,11,68,81,85,40,33,6,10,15,10,70,14,32
Jessie,Bates III,95,28,3,14,5,90,59,88,69,83,10,78,12,78,28,91,80
Chris,Lindstrom,94,28,63,14,16,76,92,92,19,26,6,14,25,10,99,12,32
Bijan,Robinson,92,23,7,14,4,91,81,90,95,71,30,96,19,71,48,14,36
Drake,London,91,24,5,14,20,88,77,88,73,97,15,82,17,38,40,15,42
A.J.,Terrell Jr,88,26,24,14,2,91,60,83,58,70,6,75,12,40,27,91,51
Jake,Matthews,86,33,70,14,11,71,86,87,45,40,6,10,20,10,79,14,45
Kaden,Elliss,82,30,55,14,12,86,75,87,65,52,41,56,15,15,32,63,88
Bradley,Pinion,81,31,13,14,13,71,53,55,40,39,42,10,89,10,23,15,29
Darnell,Mooney,81,27,1,14,20,92,58,80,75,87,10,84,15,60,44,24,30
Kaleb,McGary,81,30,76,14,18,73,87,98,46,52,6,33,15,10,91,18,34
Tyler,Allgeier,81,25,25,14,4,86,80,87,97,67,15,80,13,68,43,21,40
David,Onyemata,79,32,90,14,3,73,89,85,30,41,6,17,12,10,37,28,87
Jalon,Walker,79,24,11,14,7,86,80,85,49,51,18,51,25,35,42,41,81
Kyle,Pitts,78,24,8,14,19,90,71,90,80,85,28,73,14,37,54,20,41
Younghoe,Koo,78,31,6,14,6,71,47,69,39,36,27,16,80,8,15,18,36
Arnold,Ebiketie,77,26,17,14,7,84,76,91,45,45,6,21,16,10,30,38,85
Jordan,Fuller,77,27,29,14,5,89,59,86,57,73,16,70,17,55,27,73,73
Leonard,Floyd,77,32,56,14,15,85,76,85,41,55,6,41,19,12,31,55,82
Matthew,Bergeron,76,25,65,14,8,63,89,88,28,31,6,17,31,10,79,10,30
Clark,Phillips III,75,23,22,14,2,89,60,81,57,76,12,75,11,55,27,76,55
D.J.,Chark Jr,75,28,16,14,20,93,64,80,73,83,15,82,15,78,34,14,27
James,Pearce Jr.,75,21,27,14,15,90,76,78,48,53,15,40,21,30,35,45,74
Ray-Ray,McCloud III,75,28,34,14,20,89,51,84,66,89,10,86,13,81,40,19,34
Michael,Penix Jr,74,25,9,14,14,84,57,81,67,30,83,58,21,10,11,14,18
Mike,Hughes,74,28,21,14,2,88,66,84,72,76,6,81,24,82,25,74,55
Divine,Deablo,73,27,0,14,17,88,69,91,62,73,6,70,11,54,36,58,85
Kirk,Cousins,73,37,18,14,14,69,52,93,58,22,84,47,19,10,12,12,38
Mike,Ford Jr,73,30,28,14,2,89,58,76,62,69,6,75,15,60,25,72,49
Morgan,Fox,73,30,99,14,3,73,82,90,44,35,6,28,14,13,29,27,86
Ruke,Orhorhoro,73,23,98,14,3,76,90,88,34,48,6,32,19,9,32,26,80
Jamal,Agnew,72,30,14,14,20,91,60,74,73,82,35,86,17,95,35,63,63
Bralen,Trice,71,24,48,14,7,82,76,85,30,28,6,26,19,10,32,46,78
Brandon,Dorlus,71,24,54,14,3,77,84,89,26,35,6,29,19,9,29,26,79
Dee,Alford,71,27,20,14,2,89,49,78,60,71,6,74,15,75,17,72,56
Kentavius,Street,71,29,93,14,3,77,89,86,49,45,6,41,15,12,39,28,78
KhaDarel,Hodge,71,30,4,14,20,90,60,83,72,83,41,81,16,67,35,19,31
Troy,Andersen,71,26,44,14,17,91,68,86,76,67,47,65,21,10,58,56,81
Billy,Bowman Jr.,70,22,33,14,5,92,61,90,62,70,6,64,15,81,30,72,65
DeAngelo,Malone,70,26,51,14,15,87,72,78,32,37,6,43,27,10,33,25,75
Xavier,Watts,70,23,31,14,5,86,62,90,65,74,21,71,17,80,30,72,67
Zach,Harrison,70,24,96,14,3,83,81,83,35,46,16,44,12,10,39,40,81
DeMarcco,Hellams,69,25,23,14,5,87,70,85,68,71,30,73,15,67,35,66,75
Ta'Quon,Graham,69,26,95,14,3,74,86,88,25,25,6,32,17,9,30,23,78
Elijah,Wilkinson,68,30,71,14,8,70,85,83,20,26,6,30,22,10,73,11,37
Brandon,Parker,67,29,75,14,18,60,84,93,21,22,6,12,12,10,80,14,31
JD,Bertrand,67,25,40,14,12,83,70,88,56,53,7,54,24,25,41,63,74
Khalid,Kareem,67,27,92,14,15,79,84,81,39,37,6,25,13,10,28,24,75
Nick,Nash,67,26,80,14,20,87,65,86,66,81,51,72,25,72,38,26,32
Casey,Washington,66,24,82,14,20,90,60,82,72,83,34,79,11,43,36,14,21
Jashaun,Corbin,66,25,30,14,4,87,62,80,85,68,17,79,18,67,32,23,39
Charlie,Woerner,65,27,89,14,19,82,77,90,71,73,16,55,13,57,63,54,58
David,Sills V,65,29,87,14,20,87,60,82,71,78,64,73,17,50,35,13,25
Keith,Taylor,65,26,39,14,2,88,58,87,57,57,6,71,13,43,29,64,59
Ryan,Neuzil,65,28,64,14,1,69,85,84,57,50,6,41,52,10,73,8,22
Josh,Thompson,64,26,45,14,5,92,61,85,58,59,15,72,14,42,27,64,50
LaCale,London,64,28,94,14,3,72,83,81,28,25,6,20,15,16,33,19,76
Liam,McCullough,64,28,49,14,10,76,64,74,66,55,17,36,17,10,52,20,56
Carlos,Washington Jr,63,26,26,14,4,86,73,87,90,69,21,75,9,55,41,18,38
Jack,Nelson,63,23,69,14,11,67,84,87,34,27,6,11,18,10,73,12,25
Josh,Woods,63,29,42,14,17,84,64,83,60,60,6,47,12,10,37,59,74
Natrone,Brooks,63,25,35,14,2,88,50,82,63,71,24,72,12,50,20,63,56
Teagan,Quitoriano,63,25,85,14,19,74,78,82,75,76,10,60,19,15,56,11,46
Easton,Stick,62,28,12,14,14,85,65,90,65,27,76,65,28,10,18,14,23
Jovaughn,Gwyn,62,26,52,14,1,68,89,80,30,26,6,12,20,10,71,12,40
Storm,Norton,62,31,77,14,18,65,82,86,22,27,6,10,21,10,78,14,29
Joshua,Gray,61,25,67,14,8,71,76,82,24,23,6,10,13,10,74,13,25
Lamar,Jackson,61,27,38,14,2,87,63,76,64,63,40,72,20,40,26,64,47
Elijah,Dotson,60,26,41,14,4,88,64,78,78,69,19,76,15,75,30,13,31
Kyle,Hinton,60,27,68,14,16,75,87,86,40,39,6,10,25,10,73,14,37
Tyrone,Wheatley Jr.,60,28,74,14,11,71,84,85,68,63,13,48,11,10,70,9,30
Caleb,Johnson,59,27,53,14,12,81,67,67,57,63,6,60,17,35,23,61,77
Nikola,Kalinic,58,28,88,14,19,78,65,85,73,73,10,54,28,35,62,21,50
Feleipe,Franks,54,27,84,14,19,84,65,88,70,76,74,66,53,40,51,15,26
Emory,Jones,51,25,15,14,14,80,61,84,61,29,69,69,20,20,13,15,24
George,Kittle,98,31,85,15,19,87,82,98,75,95,15,82,22,31,71,20,34
Fred,Warner,97,28,54,15,12,88,80,93,63,78,6,59,10,10,34,82,91
Trent,Williams,97,37,71,15,11,77,95,98,40,20,6,10,10,10,98,12,39
Nick,Bosa,95,27,97,15,7,80,94,90,38,45,6,38,17,10,32,36,89
Christian,McCaffrey,94,29,23,15,4,90,74,94,92,83,40,90,23,88,43,15,36
Kyle,Juszczyk,88,34,44,15,4,86,79,87,76,77,15,76,19,45,82,18,45
Brandon,Aiyuk,87,27,11,15,20,91,65,87,72,90,20,86,13,79,39,51,49
Brock,Purdy,84,25,13,15,14,78,63,85,64,24,91,66,21,10,19,11,25
Dominick,Puni,83,25,77,15,16,61,91,88,43,44,19,24,21,5,90,9,46
Deommodore,Lenoir,82,25,2,15,2,91,59,87,59,73,6,74,17,64,32,81,69
Jauan,Jennings,80,28,15,15,20,88,78,78,73,89,51,78,17,33,56,14,30
Mykel,Williams,78,21,98,15,15,81,86,84,43,41,12,39,21,30,51,22,79
Ji'Ayir,Brown,77,25,27,15,5,86,64,87,63,80,12,72,15,59,26,75,73
Renardo,Green,77,24,0,15,2,90,59,85,57,59,23,71,18,50,26,78,64
Thomas,Morstead,77,39,7,15,13,71,68,75,35,30,44,10,84,10,18,14,14
Alfred,Collins,75,23,95,15,3,73,92,91,45,42,11,22,21,23,36,13,82
Bryce,Huff,75,27,47,15,15,83,72,87,40,36,6,22,16,10,28,43,82
Ricky,Pearsall,75,24,1,15,20,92,61,85,74,86,44,76,22,79,37,18,24
Yetur,Gross-Matos,75,27,94,15,7,83,81,87,30,31,6,30,14,10,29,30,83
Demarcus,Robinson,74,30,5,15,20,88,60,76,73,86,18,84,22,71,42,20,23
Jake,Brendel,74,32,64,15,1,69,84,89,44,40,6,10,22,10,82,20,41
Malik,Mustapha,74,23,6,15,5,88,66,89,59,66,12,73,16,60,29,70,71
Tre,Brown,74,27,22,15,2,91,55,80,54,64,6,74,25,73,30,74,62
Colton,McKivitz,73,29,68,15,18,71,84,88,32,35,6,10,25,10,81,14,34
Isaac,Guerendo,73,25,31,15,4,92,71,79,88,68,15,79,18,81,30,33,40
Jordan,James,73,21,29,15,4,89,72,86,92,62,16,82,14,78,31,24,34
Kevin,Givens,73,28,90,15,3,73,88,88,27,32,6,17,20,10,39,24,82
Richie,Grant,73,27,24,15,5,86,58,90,65,75,12,72,16,62,38,69,66
Upton,Stout,73,23,20,15,2,91,57,85,67,76,7,75,27,75,30,73,65
Ameer,Abdullah,72,32,38,15,4,89,68,82,83,72,23,84,21,84,31,15,42
Eli,Apple,72,30,30,15,2,88,60,84,63,71,6,72,17,65,13,71,53
Jason,Pinnock,72,26,25,15,5,89,61,87,56,72,6,72,20,60,34,70,64
Greg,Joseph,71,31,3,15,6,73,41,65,40,34,32,30,74,10,17,12,33
Isaiah,Hodgins,71,26,18,15,20,87,60,80,75,86,17,73,15,48,42,29,38
Jacob,Cowing,71,24,19,15,20,93,52,85,71,79,20,81,19,67,30,21,26
Nick,Martin,71,22,45,15,17,88,74,88,68,60,6,61,21,10,37,61,78
Russell,Gage Jr,70,29,84,15,20,88,60,90,71,84,41,78,12,33,41,13,58
Andre,Dillard,69,29,65,15,11,73,86,86,38,22,6,10,21,10,77,14,36
Ben,Bartch,69,27,78,15,8,67,85,92,56,54,6,36,27,10,78,14,29
Jake,Moody,69,25,4,15,6,65,51,60,40,33,31,21,72,10,13,14,29
Jon,Weeks,69,39,46,15,10,69,69,84,65,64,12,21,18,10,44,30,67
Jordan,Watkins,69,23,17,15,20,93,66,91,75,84,21,71,22,76,34,46,42
Jordan,Elliott,69,27,92,15,3,71,82,87,28,32,6,19,10,10,34,20,80
Mac,Jones,69,26,10,15,14,84,60,91,68,28,82,52,29,10,32,12,18
Marques,Sigle,69,23,36,15,5,92,64,88,60,68,6,62,15,43,30,69,66
CJ,West,68,23,99,15,3,74,84,88,40,19,11,20,16,28,35,15,74
Darrell,Luter Jr,68,25,28,15,2,90,50,81,58,66,6,73,15,55,26,68,61
Sam,Okuayinonu,68,27,91,15,15,80,83,82,27,35,6,19,31,10,32,32,77
Spencer,Burford,68,25,74,15,8,66,86,78,34,32,6,15,20,10,79,11,29
Andy,Isabella,67,28,7,15,20,92,57,83,74,79,10,79,12,75,37,17,23
Dallis,Flowers,67,28,35,15,2,91,51,68,55,70,6,72,15,86,26,70,43
Dee,Winters,67,24,53,15,17,89,66,73,62,65,12,71,11,55,33,67,71
Evan,Anderson,67,23,58,15,3,62,87,83,32,31,6,33,11,15,38,29,78
Matt,Hennessy,67,27,61,15,1,66,85,93,30,26,6,10,25,10,78,14,21
Jonathan,Garvin,66,26,96,15,7,78,76,89,37,43,6,31,11,10,31,45,78
Luke,Gifford,66,30,57,15,17,86,75,83,63,65,33,67,18,14,35,58,79
Siran,Neal,66,31,33,15,2,90,60,92,63,67,6,65,15,25,25,67,68
Chase,Lucas,65,28,26,15,2,90,54,77,66,62,13,77,12,45,25,66,46
Jalen,Graham,65,24,41,15,9,84,65,86,50,66,45,63,15,39,25,57,77
Kalia,Davis,65,26,93,15,3,70,84,78,27,32,6,25,10,10,39,24,75
Tatum,Bethune,65,24,48,15,12,81,67,85,55,67,25,64,14,45,38,65,71
Chazz,Surratt,64,28,46,15,9,85,75,84,66,58,58,62,20,10,29,59,74
Junior,Bergen,64,22,86,15,20,88,59,81,73,83,36,70,20,84,40,38,34
Luke,Farrell,64,27,89,15,19,78,77,88,75,78,10,55,19,15,59,15,45
Brayden,Willis,63,25,9,15,19,84,76,83,70,77,55,62,30,19,64,16,46
Connor,Colby,63,22,75,15,8,69,83,87,28,32,6,26,19,10,73,10,28
Nick,Zakelj,63,26,63,15,16,68,85,84,35,37,6,25,14,10,71,10,35
Robert,Beal Jr,63,26,51,15,7,90,68,75,45,44,6,48,14,10,44,42,70
Ross,Dwelley,63,30,82,15,19,79,72,85,72,79,10,60,15,18,57,18,33
Kurtis,Rourke,62,24,4,15,14,76,67,81,59,49,75,52,30,23,26,32,35
Tarron,Jackson,62,27,56,15,7,81,77,81,38,41,6,36,11,10,33,31,75
Patrick,Taylor,61,27,32,15,4,87,67,78,87,67,20,74,16,63,38,15,37
Jake,Tonges,59,26,88,15,19,80,69,75,75,75,33,68,22,40,57,18,35
Curtis,Robinson,57,27,59,15,12,85,74,76,56,51,6,42,17,10,32,52,76
Dexter,Lawrence II,97,27,97,16,3,76,99,91,42,36,6,23,15,40,44,19,94
Andrew,Thomas,88,26,78,16,11,69,90,86,33,46,6,22,22,10,84,14,31
Malik,Nabers,87,22,1,16,20,96,63,88,76,87,10,89,25,72,31,15,30
Bobby,Okereke,86,29,58,16,12,88,73,85,47,70,6,44,14,10,29,75,89
Brian,Burns,86,27,0,16,15,87,76,87,41,48,6,42,17,10,29,51,85
Jevon,Holland,83,25,8,16,5,91,65,84,67,79,12,77,15,71,30,83,71
Paulson,Adebo,82,26,21,16,2,91,64,85,63,78,6,70,31,46,25,81,67
Abdul,Carter,81,21,51,16,7,88,80,93,46,43,18,53,20,25,30,53,76
Dru,Phillips,79,23,22,16,2,90,62,90,55,59,24,72,27,60,26,81,65
Tyrone,Tracy Jr,79,25,29,16,4,90,72,84,90,67,15,85,32,82,31,16,29
Darius,Slayton,77,28,18,16,20,94,57,84,72,80,10,79,13,72,32,25,30
Graham,Gano,77,38,9,16,6,75,63,60,35,35,30,10,82,10,12,12,34
Kayvon,Thibodeaux,77,24,5,16,15,88,81,85,48,46,7,38,17,10,33,55,80
Tyler,Nubin,77,24,27,16,5,87,62,89,63,77,8,68,20,45,45,74,81
Wan'Dale,Robinson,77,24,17,16,20,91,61,82,78,88,14,83,17,76,34,27,34
Cor'Dale,Flott,76,24,28,16,2,89,50,78,48,61,10,73,14,40,19,77,55
Greg,Van Roten,76,35,74,16,16,67,84,75,29,36,6,10,20,10,81,12,45
Micah,McFadden,76,25,41,16,17,85,72,87,50,63,6,47,16,10,33,66,80
Russell,Wilson,76,36,3,16,14,84,59,98,67,68,85,75,19,10,41,15,26
Deonte,Banks,75,24,2,16,2,94,60,85,55,66,14,77,17,54,29,70,62
Devin,Singletary,75,27,26,16,4,87,70,90,86,70,16,86,10,73,33,14,37
Jermaine,Eluemunor,75,30,72,16,18,68,92,84,22,27,6,25,25,10,78,12,33
Jon,Runyan,75,28,76,16,8,71,87,88,29,36,6,19,12,10,73,14,30
Chauncey,Golston,74,27,57,16,7,78,81,86,49,65,6,33,10,10,30,34,82
Evan,Neal,74,24,73,16,18,76,91,83,29,30,6,32,17,10,80,11,35
Theo,Johnson,74,24,84,16,19,87,75,89,76,79,17,69,12,6,61,13,31
Cam,Skattebo,73,23,44,16,4,85,81,95,86,72,55,82,58,83,48,21,45
Dane,Belton,73,24,24,16,5,91,63,78,62,74,6,64,37,40,29,68,67
Roy,Robertson-Harris,73,32,95,16,3,77,82,85,21,40,6,25,30,10,28,38,77
Darius,Alexander,72,25,91,16,3,74,86,89,50,50,7,39,21,26,35,34,77
Jameis,Winston,72,31,19,16,14,76,72,95,59,49,82,66,26,10,35,13,45
Jamie,Gillan,72,28,12,16,13,76,69,88,40,37,35,36,76,10,16,16,53
K'Von,Wallace,72,28,34,16,5,87,64,84,55,62,21,71,15,41,25,69,69
Elijah,Chatman,71,24,94,16,3,82,88,82,52,44,13,29,17,21,31,32,83
Jalin,Hyatt,71,23,13,16,20,94,57,83,75,82,10,76,19,40,36,10,17
John Michael,Schmitz Jr,71,26,61,16,1,61,84,91,33,35,23,20,15,15,83,10,35
Zach,Pascal,71,30,83,16,20,89,71,88,75,84,25,76,18,78,43,19,31
Casey,Kreiter,70,35,59,16,10,72,67,82,64,62,10,16,14,10,51,21,49
Chris,Manhertz,70,33,85,16,19,78,77,79,65,72,6,66,19,18,72,18,33
Daniel,Bellinger,70,24,82,16,19,85,79,88,74,84,10,63,16,30,62,27,44
Rakeem,Nunez-Roches Sr,70,32,93,16,3,72,81,76,40,30,6,10,25,10,32,25,84
Tre,Hawkins III,70,25,37,16,2,92,63,80,55,70,6,73,22,55,29,67,60
Victor,Dimukeje,70,25,52,16,7,77,82,87,40,45,6,34,20,10,28,44,79
Aaron,Stinnie,69,31,64,16,8,70,83,86,20,35,6,10,12,10,75,12,29
Greg,Dulcich,69,25,89,16,19,84,67,83,77,81,10,77,22,35,55,19,32
Jeremiah,Ledbetter,69,31,96,16,3,77,85,79,28,34,6,17,25,10,38,27,80
Bryce,Ford-Wheaton,68,25,88,16,20,92,68,83,75,79,19,77,22,25,36,20,38
Eric,Gray,68,25,20,16,4,86,69,90,85,72,19,79,10,72,30,13,25
Jaxson,Dart,68,22,6,16,14,84,63,93,64,44,81,66,30,30,28,9,25
Jordon,Riley,68,27,99,16,3,63,88,80,29,20,6,15,7,10,33,12,82
Korie,Black,68,23,25,16,2,94,58,89,53,68,18,68,22,45,29,71,60
Lil'Jordan,Humphrey,68,27,81,16,20,84,67,80,74,84,32,76,12,75,39,16,31
Montrell,Washington,68,26,80,16,20,91,54,78,73,78,26,81,13,79,30,24,26
D.J.,Davidson,67,27,98,16,3,65,83,86,35,34,16,19,16,10,45,13,80
Ihmir,Smith-Marsette,67,26,87,16,20,90,54,82,71,78,42,76,12,85,33,28,45
Marcus,Mbow,66,22,71,16,18,71,84,87,44,23,6,13,14,10,76,13,32
Art,Green,65,25,35,16,2,94,57,83,58,68,24,74,12,40,20,64,56
Chris,Board,65,30,49,16,17,87,69,87,55,55,6,63,16,42,33,60,80
Dee,Williams,65,25,33,16,2,91,57,79,69,73,6,76,18,40,25,65,66
Dyontae,Johnson,65,24,54,16,17,86,73,87,54,57,6,46,16,10,31,57,78
Elijah,Garcia,65,26,90,16,3,72,83,78,26,30,6,17,12,10,34,18,78
Jake,Kubas,65,25,63,16,16,65,86,88,40,28,6,12,17,14,74,12,34
Thomas,Fidone II,65,22,86,16,19,81,71,81,69,77,21,66,27,22,53,29,42
Austin,Schlottmann,64,29,65,16,1,70,86,85,29,36,6,10,21,10,74,12,35
Darius,Muasau,64,24,53,16,12,82,63,80,58,70,10,63,31,35,33,61,77
Joshua,Ezeudu,64,25,75,16,11,66,81,77,35,23,6,10,23,10,78,10,21
Tomon,Fox,64,27,45,16,15,81,77,76,40,36,6,42,16,20,33,42,71
James,Hudson III,63,26,55,16,11,60,82,89,35,34,6,10,16,14,79,14,48
Ty,Summers,63,29,47,16,12,89,77,89,52,50,55,64,14,10,33,53,78
Demetrius,Flannigan-Fowles,62,28,44,16,12,86,65,81,55,67,6,69,24,40,20,62,74
Stone,Forsythe,62,27,70,16,18,67,87,74,20,24,6,14,13,10,68,10,31
Raheem,Layne,61,26,43,16,5,86,60,85,60,54,6,71,17,35,30,64,64
Tommy,DeVito,61,27,15,16,14,84,62,84,65,32,75,66,21,10,15,10,21
Jimmy,Morrissey,59,27,67,16,1,61,81,82,36,35,6,10,25,10,73,14,37
Josh,Hines-Allen,90,28,41,17,15,88,83,91,67,74,6,55,17,20,29,57,86
Foyesade,Oluokun,87,30,23,17,12,87,70,86,62,73,12,42,14,40,26,69,94
Devin,Lloyd,85,26,0,17,17,84,78,88,65,73,13,52,38,10,35,62,93
Brian,Thomas Jr,84,22,7,17,20,97,59,87,76,88,10,87,13,50,35,17,28
Travis,Hunter,84,22,12,17,2,93,61,93,70,85,27,86,23,78,38,83,68
Logan,Cooke,83,30,9,17,13,72,56,71,41,39,21,14,91,10,19,15,33
Travis,Etienne Jr,82,26,1,17,4,93,70,88,90,70,40,86,17,79,35,17,34
Jourdan,Lewis,79,30,2,17,2,89,67,84,65,73,6,78,26,81,23,78,69
Arik,Armstead,78,31,91,17,3,74,91,89,44,38,6,15,30,10,31,36,87
Ezra,Cleveland,78,27,76,17,8,76,88,90,34,30,6,10,11,10,82,12,55
Travon,Walker,78,24,44,17,7,88,88,89,54,60,6,46,15,10,33,49,78
Tyson,Campbell,78,25,3,17,2,92,58,78,44,71,10,63,17,47,23,77,61
Tank,Bigsby,77,24,4,17,4,92,75,88,88,62,16,84,15,76,33,14,32
Cam,Little,76,22,39,17,6,74,41,75,20,21,22,21,88,10,16,12,21
Dyami,Brown,76,25,5,17,20,93,63,84,72,87,35,80,13,60,36,26,37
Patrick,Mekari,76,28,65,17,16,72,85,84,33,22,6,12,20,10,77,11,34
Walker,Little,76,26,72,17,11,62,85,83,28,26,6,11,19,9,80,13,35
Bhayshul,Tuten,75,23,33,17,4,95,75,87,85,65,15,83,23,85,33,28,37
Darnell,Savage,75,28,6,17,5,92,59,84,70,74,12,77,15,63,25,74,60
Trevor,Lawrence,75,25,16,17,14,88,69,91,66,50,82,74,23,13,20,16,27
Andrew,Wingard,74,28,42,17,5,86,55,88,74,71,12,71,19,30,28,70,66
DaVon,Hamilton,74,28,52,17,3,70,91,87,36,26,6,26,19,9,39,20,79
Dennis,Gardeck,74,31,57,17,15,87,81,88,45,50,6,44,17,10,29,55,77
Emmanuel,Ogbah,74,31,90,17,15,82,83,89,33,45,6,31,19,9,29,45,80
Ross,Matiscik,74,28,46,17,10,71,73,84,60,55,11,20,36,10,44,49,62
Caleb,Ransaw,73,22,27,17,5,95,62,88,59,67,6,66,17,42,30,70,68
Eric,Murray,73,31,29,17,5,86,63,84,58,62,6,68,17,60,15,70,68
Jarrian,Jones,73,24,22,17,2,93,43,80,61,74,11,73,18,48,22,72,52
Brenton,Strange,72,24,85,17,19,83,77,89,74,81,18,58,16,15,59,45,53
Parker,Washington,72,23,11,17,20,89,66,87,75,82,10,79,18,80,36,10,30
Anton,Harrison,71,23,77,17,18,73,82,78,27,32,6,18,13,10,74,13,29
Antonio,Johnson,71,23,26,17,5,88,55,85,54,64,12,71,16,60,30,71,70
Dawuane,Smoot,71,30,58,17,7,79,82,89,28,35,6,41,15,6,28,31,77
LeQuint,Allen,71,21,36,17,4,89,72,88,90,69,26,78,22,75,39,51,55
Wyatt,Milum,71,22,64,17,16,63,87,88,40,38,6,33,13,10,78,12,25
Chad,Muma,70,26,48,17,9,85,76,79,63,66,12,48,18,10,35,62,82
Jordan,Jefferson,70,23,98,17,3,69,91,87,24,22,6,16,15,30,49,16,82
Montaric,Brown,70,26,30,17,2,87,57,75,61,70,6,68,14,45,29,75,48
Trenton,Irwin,70,29,83,17,20,88,66,84,71,86,17,75,21,75,37,18,29
Jack,Kiser,69,24,54,17,17,83,70,88,67,55,25,46,18,10,36,61,81
Maason,Smith,69,22,94,17,3,72,83,86,46,39,6,35,20,10,30,36,84
Yasir,Abdullah,69,25,56,17,15,90,70,76,45,64,7,57,23,10,31,55,75
Chuma,Edoga,68,28,55,17,8,70,84,79,24,29,6,10,30,6,77,14,36
Johnny,Mundt,68,30,86,17,19,84,74,84,71,79,6,61,20,10,57,19,33
Luke,Fortner,68,27,79,17,1,65,87,87,25,24,6,10,14,10,77,10,30
Robert,Hainsey,68,27,73,17,1,64,87,91,34,22,6,10,11,10,75,12,25
Tyler,Lacy,68,25,93,17,3,69,86,87,41,37,6,40,9,10,40,27,81
Chandler,Brayboy,67,24,15,17,20,90,64,89,72,75,17,75,20,81,35,21,28
De'Antre,Prince,67,24,24,17,2,93,53,89,57,72,8,72,13,60,23,66,63
Javon,Foster,67,25,62,17,18,62,83,87,40,25,9,10,14,10,78,23,44
Ventrell,Miller,67,26,51,17,12,83,74,90,55,58,11,55,14,10,41,65,74
Zech,McPhearson,67,27,34,17,2,88,60,85,59,62,6,70,17,72,27,67,60
Daniel,Thomas,66,27,20,17,5,87,65,90,58,63,6,67,22,50,15,63,67
Eli,Pancol,66,25,10,17,20,92,69,83,75,80,10,73,15,75,37,21,27
Rayuan,Lane III,66,22,25,17,5,87,59,92,63,64,6,64,15,80,30,63,65
Christian,Braswell,65,25,21,17,2,90,42,77,62,69,15,72,12,60,25,66,60
Ja'Quinden,Jackson,65,23,38,17,4,83,74,84,86,64,59,79,21,70,40,21,29
Myles,Cole,65,25,59,17,7,83,78,84,40,32,10,41,16,10,34,33,75
Dennis,Daley,64,29,78,17,11,67,82,83,40,27,6,10,11,10,76,12,41
Hunter,Long,64,27,84,17,19,81,72,87,74,79,10,63,19,24,55,18,53
Jalen,McLeod,64,23,53,17,12,81,77,93,44,34,13,34,25,33,35,57,77
Austin,Trammell,63,27,81,17,20,85,66,83,74,82,10,72,34,71,38,10,36
Cam,Camper,63,24,17,17,20,89,68,85,71,78,12,72,16,65,43,23,37
Ethan,Downs,63,22,96,17,15,83,83,86,33,35,6,32,13,10,33,37,76
Jonah,Monheim,63,23,60,17,1,72,80,88,34,29,6,12,20,10,75,10,10
Quintin,Morris,63,26,45,17,19,83,72,76,73,80,16,71,14,44,50,25,42
Branson,Combs,62,25,50,17,12,83,71,86,53,58,6,53,18,10,34,58,77
Danny,Striggow,62,23,92,17,7,78,75,84,34,35,6,31,13,10,33,41,75
Fred,Johnson,62,28,74,17,11,63,85,83,20,24,6,14,13,10,75,12,31
Nick,Mullens,61,30,14,17,14,74,57,95,57,34,78,57,13,10,28,18,26
John,Wolford,60,29,18,17,14,80,55,89,64,38,74,63,18,30,19,23,37
Sal,Wormley,60,24,61,17,16,64,77,83,22,23,6,10,13,10,73,15,27
Cam'Ron,Silmon-Craig,59,22,32,17,5,83,59,87,60,67,6,63,14,75,30,65,64
Cole,Van Lanen,59,27,70,17,18,68,79,87,22,22,6,10,10,10,74,14,26
Sauce,Gardner,94,25,1,18,2,93,65,92,64,76,6,75,16,40,28,96,54
Quinnen,Williams,91,27,95,18,3,84,92,90,39,34,6,29,17,9,42,24,88
Garrett,Wilson,86,25,5,18,20,92,56,81,72,92,15,91,13,78,35,18,22
Alijah,Vera-Tucker,84,26,75,18,16,75,91,90,35,25,6,10,20,10,88,12,36
Breece,Hall,84,24,20,18,4,93,76,90,84,69,16,92,15,42,44,15,29
John,Simpson,82,28,76,18,8,70,92,90,42,32,6,10,22,10,83,12,31
Quincy,Williams,82,29,56,18,17,88,67,87,44,63,6,38,19,10,28,70,89
Jermaine,Johnson II,79,26,11,18,15,85,82,90,44,48,6,43,15,10,32,38,86
Joe,Tippmann,79,24,66,18,1,73,89,90,45,39,6,20,12,10,85,13,33
Nick,Folk,79,40,18,18,6,67,59,65,50,40,30,25,88,10,15,18,25
Andre,Cisco,78,25,8,18,5,92,65,84,59,77,12,69,19,43,33,74,65
Allen,Lazard,77,29,10,18,20,88,71,92,75,85,10,80,13,50,48,20,34
Armand,Membou,77,21,70,18,18,74,89,90,41,25,6,10,15,10,81,13,28
Michael,Carter II,77,26,30,18,2,92,55,85,54,68,6,72,17,49,25,77,56
Josh,Reynolds,76,30,83,18,20,88,66,77,76,86,20,76,14,45,40,22,35
Tony,Adams,76,26,22,18,5,90,62,75,59,68,12,72,11,50,28,76,63
Will,McDonald IV,76,26,9,18,7,82,69,78,49,48,26,50,32,25,45,44,77
Brandon,Stephens,75,27,21,18,2,90,68,87,69,70,6,75,15,25,30,76,65
Derrick,Nnadi,75,29,91,18,3,73,88,93,27,25,6,25,12,10,38,24,82
Olu,Fashanu,75,22,74,18,11,69,88,88,36,32,6,27,14,10,82,11,43
Azareye'h,Thomas,74,21,23,18,2,86,67,89,57,72,6,71,19,81,31,75,56
Jamien,Sherwood,74,25,44,18,12,81,67,87,64,63,33,68,20,45,32,69,85
Justin,Fields,74,26,7,18,14,92,65,94,59,32,81,87,18,62,26,18,24
Thomas,Hennessy,73,31,42,18,10,74,67,76,63,61,6,30,13,10,52,25,59
Braelon,Allen,72,21,0,18,4,88,79,84,87,64,28,82,12,50,45,38,45
Isaiah,Oliver,72,28,26,18,5,89,59,85,73,76,6,77,13,77,27,73,58
Mason,Taylor,72,21,85,18,19,83,75,92,71,82,11,66,30,22,60,36,39
Micheal,Clemons,72,28,72,18,15,77,80,87,28,30,15,27,12,10,32,24,82
Josh,Myers,71,27,71,18,1,62,89,84,28,31,6,12,12,10,78,12,31
Xavier,Gipson,71,24,3,18,20,92,56,82,72,81,10,79,11,82,39,24,39
Malachi,Corley,70,23,6,18,20,88,66,87,70,85,29,82,22,54,44,29,40
Phidarian,Mathis,70,27,98,18,3,63,89,84,25,24,6,20,12,10,38,18,83
Andrew,Beck,69,29,47,18,4,86,77,88,67,72,10,64,15,70,66,34,47
Austin,McNamara,69,24,14,18,13,76,45,78,40,40,53,49,70,50,11,20,25
Harrison,Mevis,69,23,45,18,6,70,44,73,29,31,27,27,74,10,15,10,25
Isaiah,Davis,69,23,32,18,4,87,73,81,92,67,25,80,22,71,32,22,40
Tyler,Baron,69,23,94,18,7,85,76,82,44,36,15,30,21,27,36,35,77
Tyler,Johnson,69,27,16,18,20,87,68,87,72,82,46,79,16,50,38,30,37
Tyrod,Taylor,69,36,2,18,14,86,57,80,66,63,79,72,17,15,23,22,37
Arian,Smith,68,23,82,18,20,94,64,83,71,75,11,72,21,55,36,60,31
Donovan,Edwards,68,22,40,18,4,91,71,88,87,68,53,77,21,65,37,24,36
Jay,Tufele,68,26,78,18,3,71,88,91,27,25,6,22,12,30,39,19,83
Jeremy,Ruckert,68,25,89,18,19,82,78,87,76,80,20,62,24,15,65,15,37
Malachi,Moore,68,23,27,18,5,87,61,86,61,70,6,64,16,42,30,68,67
Max,Mitchell,68,25,61,18,16,62,85,86,29,24,6,14,19,10,79,10,29
Rashad,Weaver,68,27,99,18,15,76,77,80,47,44,6,39,17,10,32,38,74
Braiden,McGregor,67,24,55,18,15,80,73,83,40,39,6,42,30,10,37,27,82
Chukwuma,Okorafor,67,28,79,18,18,67,85,81,27,24,6,10,13,10,78,12,28
Jamin,Davis,67,26,52,18,12,89,73,76,52,68,6,36,20,10,24,52,83
Jaylin,Simpson,67,25,36,18,5,90,53,75,62,74,26,69,21,60,26,72,60
Kene,Nwangwu,67,27,34,18,4,93,68,80,83,61,16,78,15,90,32,15,29
Kris,Boyd,67,28,17,18,2,90,65,80,72,60,10,74,14,57,25,67,59
Qwan'tez,Stiggers,67,23,37,18,2,91,60,83,57,73,18,69,15,55,34,68,64
Byron,Cowart,66,28,93,18,3,68,85,80,26,40,9,31,12,10,32,25,77
Carter,Warren,66,26,67,18,11,64,82,78,55,48,13,33,11,10,66,9,30
Dymere,Miller,66,24,35,18,20,93,62,87,70,77,15,74,15,68,37,25,30
Francisco,Mauigoa,66,22,51,18,12,84,73,88,63,56,23,49,18,10,35,60,78
Jarrick,Bernard-Converse,66,25,29,18,2,93,61,87,57,64,22,69,17,55,18,65,63
Eric,Watts,65,24,58,18,7,83,79,90,41,35,19,45,26,39,36,25,76
Kingsley,Jonathan,65,27,57,18,7,80,80,84,39,35,6,27,27,10,33,19,73
Leonard,Taylor III,65,23,96,18,3,68,84,79,33,28,10,27,20,36,30,29,75
Zaire,Barnes,65,25,53,18,17,88,67,75,56,60,21,68,11,45,34,66,78
Irvin,Charles,64,28,19,18,20,87,66,84,75,79,22,75,12,51,39,26,36
Pokey,Wilson,64,26,81,18,20,87,54,80,69,79,10,75,18,50,28,15,27
Aaron,Smith,63,23,48,18,12,83,75,84,60,54,6,50,20,10,33,59,79
Marquis,Hayes,63,26,77,18,16,62,86,86,20,21,6,17,12,10,70,10,28
Stone,Smartt,63,26,84,18,19,85,62,76,75,79,65,73,15,60,38,15,35
Brady,Cook,62,23,4,18,14,85,67,88,57,38,76,60,26,21,23,17,32
Brandon,Smith,62,26,87,18,20,84,70,81,73,74,23,74,11,50,47,20,35
Zack,Kuntz,62,26,88,18,19,85,70,84,70,78,10,59,20,25,58,18,49
Quentin,Skinner,61,23,39,18,20,89,63,83,67,80,12,70,26,64,42,30,38
Marcelino,McCrary-Ball,60,26,41,18,17,89,72,82,63,68,6,69,17,35,29,61,72
Bump,Cooper Jr,58,24,46,18,2,84,58,84,60,64,6,69,13,45,25,64,44
Xavier,Newman,58,26,65,18,8,67,81,88,25,20,7,11,12,10,68,10,31
Amon-Ra,St. Brown,96,25,14,19,20,90,67,85,76,99,33,87,14,74,37,16,34
Penei,Sewell,96,24,58,19,18,73,97,91,35,44,6,10,20,10,98,12,32
Jahmyr,Gibbs,95,23,0,19,4,95,72,84,96,74,17,95,10,80,30,14,30
Aidan,Hutchinson,93,25,97,19,7,82,87,92,59,64,8,52,12,10,38,48,88
Kerby,Joseph,90,24,31,19,5,88,64,70,63,84,6,77,20,44,24,85,78
Brian,Branch,89,23,32,19,5,88,60,91,67,77,21,72,17,76,29,88,73
Jared,Goff,87,30,16,19,14,74,64,93,58,43,90,48,20,11,18,15,27
Taylor,Decker,87,31,68,19,11,69,90,92,28,44,6,11,19,9,83,13,34
Sam,LaPorta,86,24,87,19,19,86,74,90,74,92,21,77,12,37,58,34,59
D.J.,Reader,85,31,98,19,3,70,95,84,30,29,6,16,17,9,40,22,86
David,Montgomery,84,28,5,19,4,88,77,91,93,74,35,85,12,45,45,13,30
Jack,Campbell,84,25,46,19,12,85,76,96,58,69,6,46,18,14,40,66,90
Alim,McNeill,83,25,54,19,3,75,93,88,46,48,6,36,19,15,44,23,83
D.J.,Reed Jr,83,28,4,19,2,90,52,75,57,74,10,76,10,82,24,83,68
Jameson,Williams,82,24,1,19,20,98,63,86,68,84,10,86,17,82,33,19,26
Alex,Anzalone,79,30,34,19,17,86,74,77,47,61,6,31,18,14,35,71,85
Jack,Fox,79,29,3,19,13,79,50,65,39,23,30,10,79,10,16,16,29
Tim,Patrick,78,31,12,19,20,88,69,83,74,92,17,78,15,48,47,23,35
Amik,Robertson,77,27,21,19,2,88,56,90,64,75,28,78,10,50,21,81,48
Hogan,Hatten,77,25,49,19,10,78,68,88,54,59,6,55,20,35,51,52,75
Malcolm,Rodriguez,77,26,44,19,17,86,80,87,58,58,44,52,19,10,36,58,85
Tyleik,Williams,77,22,91,19,3,75,91,87,39,28,11,24,18,26,36,16,79
Jake,Bates,76,26,39,19,6,72,35,61,32,31,21,10,83,10,18,10,26
Terrion,Arnold,76,23,6,19,2,90,58,90,64,78,22,78,17,55,27,74,72
Avonte,Maddox,75,29,29,19,2,89,55,77,62,71,6,83,10,74,28,74,56
Graham,Glasgow,75,33,60,19,16,64,87,89,27,20,6,17,20,9,84,13,29
Kalif,Raymond,75,31,11,19,20,91,53,75,72,87,10,82,22,84,33,27,44
Josh,Paschal,74,25,93,19,7,80,85,94,42,38,6,34,12,10,42,37,82
Levi,Onwuzurike,74,27,78,19,3,79,87,89,32,28,6,29,10,40,31,26,83
Marcus,Davenport,74,28,92,19,15,84,82,81,31,24,6,36,16,10,31,38,79
Derrick,Barnes,73,26,55,19,9,86,79,86,69,59,11,64,20,35,38,60,83
Ennis,Rakestraw Jr,72,23,9,19,2,89,57,79,53,58,15,72,10,55,25,73,66
Roy,Lopez,72,28,51,19,3,66,90,86,23,22,6,17,13,15,37,16,78
Al-Quadin,Muhammad,71,30,96,19,15,80,78,84,37,41,6,39,19,12,28,37,78
Netane,Muti,71,26,52,19,8,67,96,92,40,17,6,24,28,10,78,10,44
Rock,Ya-Sin,71,29,23,19,2,90,68,87,59,69,6,71,18,58,23,73,52
Tate,Ratledge,71,24,69,19,1,73,88,80,41,42,6,23,56,10,79,24,38
Christian,Mahogany,70,24,73,19,8,68,89,93,21,28,6,22,12,10,79,9,27
Mekhi,Wingo,70,22,94,19,3,77,79,89,40,45,6,10,25,10,33,18,83
Zach,Cunningham,70,30,52,19,12,84,80,87,51,59,6,37,20,10,29,59,80
Chris,Smith,69,25,90,19,3,70,92,82,28,34,6,25,26,10,40,23,83
Miles,Frazier,69,23,71,19,8,64,89,88,37,43,6,24,14,10,76,23,28
Ronnie,Bell,69,25,10,19,20,88,58,81,70,81,26,74,12,68,43,16,26
Ahmed,Hassanein,68,23,61,19,15,80,83,94,43,36,10,32,18,30,37,28,73
Craig,Reynolds,68,29,13,19,4,89,66,81,87,67,22,78,13,76,44,18,29
Isaac,TeSlaa,68,23,18,19,20,91,65,85,69,83,48,73,32,81,36,27,28
Sione,Vaki,68,24,33,19,4,89,74,90,84,69,41,81,33,77,44,64,69
Trystan,Colon,68,27,67,19,1,71,80,87,30,30,6,10,21,10,76,12,35
Dominic,Lovett,67,22,19,19,20,92,62,82,73,82,11,72,21,60,33,59,33
Giovanni,Manu,67,24,59,19,11,70,86,87,44,40,12,23,15,10,80,7,43
Brock,Wright,66,26,89,19,19,86,79,83,73,79,10,58,21,10,58,13,43
Dan,Jackson,66,24,28,19,5,91,62,86,64,64,6,65,15,42,30,66,63
Erick,Hallett II,66,25,36,19,5,89,55,76,59,70,6,75,14,65,27,64,69
Hendon,Hooker,66,27,2,19,14,86,67,84,53,44,79,77,14,10,22,12,21
Isaac,Ukwu,66,26,45,19,7,76,83,84,35,33,9,35,22,10,35,28,78
Shane,Zylstra,66,28,84,19,19,82,65,81,76,79,6,70,21,10,47,15,34
Brodric,Martin,65,26,99,19,3,61,87,85,51,48,9,24,12,10,45,18,81
Malik,Taylor,65,29,86,19,20,88,59,78,68,80,22,79,14,83,38,19,44
Myles,Adams,65,27,66,19,3,66,80,75,34,29,6,24,10,10,37,21,75
Kenny,Yeboah,64,26,88,19,19,82,70,84,76,76,10,71,58,40,55,30,43
Khalil,Dorsey,64,27,30,19,2,92,51,83,60,64,6,75,13,65,26,63,60
Loren,Strickland,64,25,24,19,5,87,62,84,58,65,6,68,12,36,27,64,63
Trevor,Nowaske,64,26,53,19,9,88,74,77,48,62,16,48,21,10,30,53,74
Colby,Sorsdal,63,25,75,19,18,67,80,81,41,34,6,10,11,10,77,12,31
Grant,Stuard,63,26,15,19,12,84,76,90,46,47,6,21,26,10,33,57,78
Jamarco,Jones,63,29,72,19,11,58,80,94,26,20,6,15,12,11,74,12,31
Kayode,Awosika,63,26,74,19,16,65,86,84,24,26,6,10,27,10,67,10,35
Michael,Niese,63,27,62,19,16,71,82,86,36,25,7,26,10,5,75,12,33
Pat,O'Connor,63,31,95,19,7,75,82,81,24,29,6,21,25,10,29,25,75
Dan,Skipper,61,30,70,19,18,70,82,93,37,42,6,24,19,10,72,13,36
Kyle,Allen,60,29,8,19,14,81,53,84,56,24,78,49,15,11,14,15,28
Morice,Norris,59,24,26,19,5,87,56,81,67,65,6,73,22,45,31,62,62
Kingsley,Eguakun,58,24,65,19,1,61,84,84,34,40,10,23,23,11,73,12,29
Ezekiel,Turner,57,29,47,19,17,86,63,80,61,61,6,60,14,35,28,62,70
Xavier,McKinney,93,26,29,20,5,88,67,91,62,79,6,71,12,40,25,85,83
Josh,Jacobs,90,27,8,20,4,90,83,95,87,72,30,91,10,77,39,26,34
Elgton,Jenkins,87,29,74,20,1,74,89,87,25,26,6,20,14,10,76,14,38
Zach,Tom,87,26,50,20,18,74,81,75,24,26,6,10,14,10,86,9,28
Jordan,Love,83,26,10,20,14,84,62,89,67,21,87,65,27,12,18,18,26
Kenny,Clark,83,29,97,20,3,72,91,92,34,24,6,24,17,9,41,36,87
Rashan,Gary,82,27,52,20,7,85,83,84,32,30,6,33,10,10,30,44,87
Jayden,Reed,81,25,11,20,20,94,58,86,72,81,35,86,14,82,35,32,31
Nate,Hobbs,81,26,21,20,2,91,65,82,58,66,6,75,14,74,30,79,58
Rasheed,Walker,80,25,63,20,11,64,87,77,36,30,6,27,14,10,73,11,43
Edgerrin,Cooper,79,23,56,20,12,89,72,87,65,70,23,68,19,45,41,74,84
Quay,Walker,79,25,7,20,17,88,75,85,55,57,6,61,16,10,35,61,90
Romeo,Doubs,79,25,87,20,20,92,60,86,67,83,15,76,17,79,29,25,35
Tucker,Kraft,79,24,85,20,19,88,76,82,72,90,39,65,18,10,61,31,53
Christian,Watson,78,26,9,20,20,96,65,78,74,85,15,80,17,75,37,15,27
Brandon,McManus,77,34,17,20,6,76,56,75,40,35,21,25,78,10,16,16,24
Keisean,Nixon,76,28,25,20,2,93,54,84,59,72,6,70,14,91,27,75,65
Matthew,Golden,76,22,22,20,20,91,61,86,74,80,33,82,24,83,44,29,24
Aaron,Banks,75,27,65,20,8,60,86,85,31,30,6,10,22,10,80,14,25
Devonte,Wyatt,75,27,95,20,3,80,86,85,39,41,5,23,21,12,39,27,79
Dontayvion,Wicks,75,24,13,20,20,89,60,85,69,82,40,82,20,40,34,10,29
Javon,Bullard,75,22,20,20,5,89,70,85,61,71,12,72,25,55,30,73,72
Jordan,Morgan,75,24,77,20,16,71,87,83,40,27,16,21,12,10,80,17,35
Carrington,Valentine,74,23,24,20,2,91,49,76,55,61,17,75,15,59,25,74,46
Daniel,Whelan,74,26,19,20,13,78,57,70,26,23,31,10,81,10,17,11,28
Isaiah,Simmons,74,27,28,20,5,91,73,87,65,75,6,68,20,58,24,67,75
Lukas,Van Ness,74,24,90,20,15,86,81,90,44,42,20,41,21,10,33,38,79
Mecole,Hardman,74,27,6,20,20,95,60,73,71,83,41,83,32,83,31,44,45
Evan,Williams,73,24,33,20,5,86,62,88,61,68,12,70,23,50,33,73,71
Isaiah,McDuffie,73,26,58,20,9,87,73,78,74,60,14,68,12,10,37,61,86
MarShawn,Lloyd,73,24,32,20,4,90,73,78,81,63,17,81,12,55,28,14,30
Sean,Rhyan,73,26,75,20,16,64,84,82,45,35,16,14,22,10,75,10,43
Anthony,Belton,71,24,71,20,11,64,86,90,24,22,7,14,15,23,78,14,31
Kingsley,Enagbare,71,25,55,20,7,77,83,88,31,28,6,35,21,10,33,36,82
Barryn,Sorrell,70,22,99,20,7,83,82,91,47,47,11,32,19,31,36,41,75
Collin,Oliver,70,22,45,20,15,87,77,83,49,50,17,47,24,33,42,55,73
Karl,Brooks,70,25,94,20,3,70,84,79,41,44,7,26,9,10,37,26,77
Luke,Musgrave,70,24,88,20,19,89,75,86,73,85,10,58,14,15,60,19,60
Savion,Williams,70,23,83,20,20,90,71,82,75,79,48,78,32,69,38,36,26
Israel,Abanikanda,69,22,23,20,4,92,67,82,86,61,15,80,13,79,42,41,43
Will,Sheppard,68,23,82,20,20,86,68,85,71,79,12,78,17,55,38,25,29
Colby,Wooden,67,24,96,20,3,79,78,81,35,28,7,42,8,10,45,29,78
Cornelius,Johnson,67,24,84,20,20,91,63,88,71,77,12,75,12,45,37,19,37
Kamal,Hadden,67,24,36,20,2,87,65,82,58,72,10,71,19,59,24,69,51
Kitan,Oladapo,67,24,27,20,5,86,68,88,65,66,8,66,26,45,37,68,73
Micah,Robinson,67,23,26,20,2,92,58,87,65,75,13,74,29,80,29,65,64
Brenton,Cox,66,25,57,20,7,78,81,79,42,48,6,45,14,10,39,44,73
Chris,Brooks,66,25,30,20,4,89,71,88,92,65,15,80,22,42,38,15,28
Isaiah,Dunn,66,26,47,20,2,92,59,71,55,52,6,70,11,62,27,63,47
Malik,Heath,66,25,18,20,20,87,64,83,74,81,20,76,12,75,35,16,31
Warren,Brinson,66,23,91,20,3,70,83,86,39,19,6,18,25,32,35,12,76
Zayne,Anderson,66,28,39,20,5,90,59,74,60,65,12,60,24,45,28,67,67
Bo,Melton,65,26,16,20,2,94,65,80,68,81,15,79,20,74,43,64,53
Emanuel,Wilson,65,26,31,20,4,90,72,85,84,68,25,77,17,70,48,13,37
Gregory,Junior,65,26,38,20,2,91,64,78,55,57,6,70,11,40,28,65,57
Jacob,Monk,65,24,62,20,1,69,83,85,25,27,12,10,19,10,75,11,28
Kalen,King,65,22,34,20,2,87,47,76,59,68,11,72,9,55,26,64,56
Malik,Willis,65,26,2,20,14,90,72,94,67,58,75,84,20,48,25,25,35
Ty'Ron,Hopper,65,24,59,20,12,83,66,83,55,58,27,56,14,45,37,58,70
Donovan,Jennings,64,25,67,20,16,72,86,85,28,21,7,36,26,10,70,25,34
Travis,Glover,64,25,79,20,18,63,86,87,22,25,8,10,8,10,76,9,44
Tyler,Cooper,64,24,60,20,8,67,84,82,20,24,6,10,11,10,75,12,25
Arron,Mosby,63,26,53,20,15,82,76,82,53,54,12,62,13,30,35,53,75
Jamon,Dumas-Johnson,63,23,48,20,9,86,66,87,54,57,6,51,18,10,35,58,78
John,FitzPatrick,63,25,86,20,19,80,79,89,76,73,10,57,31,10,65,14,43
John,Williams,63,23,73,20,8,67,87,87,21,22,6,11,13,10,73,10,29
Kristian,Welch,63,27,54,20,12,85,75,86,64,57,21,68,20,10,31,57,79
Trey,Hill,63,25,64,20,1,56,84,84,29,24,6,10,22,10,72,12,37
Ben,Sims,62,25,89,20,19,85,69,79,76,77,11,65,13,10,58,13,28
Kadeem,Telfort,61,26,76,20,11,58,86,84,25,20,7,12,8,10,67,9,28
Keith,Randolph Jr,61,24,60,20,3,67,79,80,30,30,10,28,13,21,24,27,76
Matt,Orzech,61,30,42,20,10,78,73,88,64,56,10,37,14,10,49,20,44
Messiah,Swinson,61,25,48,20,19,77,72,81,73,76,10,65,22,35,55,32,41
Sean,Clifford,57,27,16,20,14,84,59,85,61,43,72,61,22,11,19,15,28
Derrick,Brown,95,27,95,21,3,73,98,95,56,53,31,52,14,30,46,27,94
Jaycee,Horn,86,25,8,21,2,92,65,85,65,76,13,74,14,55,27,85,67
Taylor,Moton,86,31,72,21,18,69,88,96,23,28,12,15,21,10,81,12,31
Chuba,Hubbard,85,26,30,21,4,92,73,83,90,73,20,90,17,76,41,15,32
Damien,Lewis,83,28,68,21,8,68,89,94,30,26,6,10,25,10,84,14,42
Robert,Hunt,82,29,50,21,16,66,89,87,38,41,6,30,20,10,87,14,39
Tre'von,Moehrig,82,26,7,21,5,90,64,85,64,75,6,70,21,65,32,73,77
Adam,Thielen,80,35,19,21,20,88,67,87,73,90,38,83,35,67,39,13,32
Ikem,Ekwonu,80,24,79,21,11,75,93,97,40,32,6,10,23,10,86,13,45
Rico,Dowdle,80,27,5,21,4,88,75,84,93,68,31,85,23,78,44,18,36
J.J.,Jansen,78,39,44,21,10,63,70,76,62,60,6,13,21,10,54,13,53
Jonathon,Brooks,77,22,24,21,4,90,70,86,92,65,15,84,22,40,32,27,38
Tetairoa,McMillan,77,22,4,21,20,89,76,89,73,85,57,77,17,71,41,27,44
D.J.,Wonnum,76,27,98,21,15,82,82,89,46,48,6,34,15,10,29,49,84
Tershawn,Wharton,76,27,92,21,3,79,87,88,27,36,6,17,20,10,34,24,80
A'Shawn,Robinson,75,30,94,21,3,65,85,90,39,42,6,23,17,9,41,22,87
Austin,Corbett,75,29,63,21,1,69,85,87,32,18,6,10,13,10,81,12,29
Bryce,Young,75,24,9,21,14,87,54,86,59,35,84,80,23,22,15,10,20
Mike,Jackson,75,28,2,21,2,91,61,81,57,67,6,67,14,30,25,75,64
Sam,Martin,75,35,6,21,13,76,46,75,48,45,15,10,76,10,20,18,24
Bobby,Brown III,74,25,97,21,3,72,86,85,25,26,6,23,19,9,39,20,86
Brady,Christensen,74,28,70,21,11,74,88,78,30,26,6,11,12,10,75,14,25
Nic,Scourton,74,21,11,21,7,82,83,86,39,33,11,41,23,33,35,46,75
Xavier,Legette,74,24,17,21,20,93,73,84,75,80,32,82,19,81,45,26,38
Christian,Rozeboom,73,28,56,21,17,82,67,84,50,70,6,50,20,10,33,69,81
Hunter,Renfrow,73,29,13,21,20,87,61,79,71,85,35,83,34,81,35,37,48
Jalen,Coker,73,23,18,21,20,91,63,81,75,86,34,78,22,25,36,20,34
Patrick,Jones II,72,26,91,21,7,77,78,82,41,38,6,37,12,10,31,35,79
Princely,Umanmielen,72,23,33,21,15,82,79,86,39,32,12,39,23,28,35,49,74
Trevor,Etienne,72,21,23,21,4,92,69,85,90,70,32,81,28,81,32,31,40
Akayleb,Evans,71,26,29,21,2,90,65,83,55,59,12,65,13,40,31,71,56
Cade,Mays,71,26,64,21,1,64,82,87,19,21,6,10,10,10,79,10,21
David,Moore,71,30,83,21,20,88,74,85,72,85,23,77,25,70,45,22,37
DJ,Johnson,71,26,52,21,7,89,82,88,71,68,23,61,20,35,56,49,77
Ja'Tavion,Sanders,71,22,0,21,19,83,67,89,78,82,10,72,12,6,55,19,49
Matthew,Wright,71,29,37,21,6,73,44,63,28,20,22,13,75,10,16,14,27
Nick,Scott,71,30,21,21,5,90,64,84,69,69,6,73,14,40,26,65,65
Shy,Tuttle,71,29,99,21,3,75,82,85,30,44,6,25,12,10,36,24,84
Andy,Dalton,70,37,14,21,14,74,54,92,64,55,82,52,19,10,12,12,15
Boogie,Basham Jr,70,27,54,21,3,85,81,90,45,42,6,29,11,10,38,35,77
Cam,Jackson,70,23,55,21,3,67,87,92,35,17,12,20,18,28,38,11,80
Chau,Smith-Wade,70,22,26,21,2,88,57,85,50,69,13,71,27,56,15,72,53
Jaden,Crumedy,70,25,96,21,3,73,84,86,37,34,6,21,17,9,33,37,82
Ryan,Fitzgerald,70,25,35,21,6,72,53,65,32,29,28,11,75,10,13,13,24
Tommy,Tremble,70,25,82,21,19,86,75,82,74,77,10,67,14,27,62,19,34
Trevin,Wallace,70,22,32,21,12,89,70,85,64,66,44,66,20,50,38,68,80
Lathan,Ransom,69,23,22,21,5,86,66,81,61,69,6,65,16,43,30,66,70
Yosh,Nijman,69,29,77,21,11,73,87,81,40,25,6,10,28,10,72,23,44
Jarrett,Kingston,67,25,61,21,8,72,90,82,28,25,7,15,11,10,75,11,25
Jimmy,Horn Jr,67,22,15,21,20,91,61,82,74,77,15,73,25,78,32,48,24
LaBryan,Ray,67,27,93,21,3,68,83,76,40,40,6,28,12,5,32,18,84
Mitchell,Evans,67,22,84,21,19,81,73,80,69,78,25,67,28,25,57,32,38
Raheem,Blackshear,67,26,3,21,4,90,55,82,77,68,20,81,16,83,37,18,24
Shemar,Bartholomew,67,25,27,21,2,91,60,79,61,71,8,71,19,55,25,66,54
Ja'Tyre,Carter,66,26,65,21,8,72,85,76,45,43,6,40,12,10,71,10,35
Jacolby,George,66,22,80,21,20,87,62,83,69,77,11,73,21,74,38,24,29
Sam,Roberts,66,27,74,21,3,69,85,85,25,24,6,22,12,10,49,13,76
Thomas,Incoom,66,26,48,21,15,84,77,77,55,54,8,47,36,15,37,28,78
Demani,Richardson,65,24,36,21,5,86,64,88,62,67,16,72,24,38,34,64,69
James,Mitchell,65,26,85,21,19,84,70,83,76,76,33,67,19,10,58,19,35
Kobe,Hudson,65,23,86,21,20,87,64,87,74,76,19,76,23,76,36,30,32
Chandler,Zavala,64,26,62,21,16,66,88,83,34,30,8,12,13,10,74,10,31
Jacoby,Windmon,64,24,41,21,12,84,70,86,50,57,6,30,12,10,31,65,82
Jon,Rhattigan,64,26,49,21,17,80,72,88,58,59,6,41,20,10,53,55,81
Claudin,Cherelus,63,26,53,21,12,87,70,84,57,50,32,64,15,15,30,50,77
Corey,Thornton,63,24,31,21,2,85,55,85,56,67,6,72,15,49,25,70,55
Emani,Bailey,63,23,39,21,4,85,64,84,84,61,26,78,13,57,26,18,34
Luke,Kandra,63,24,67,21,16,67,93,84,25,20,6,10,11,10,72,12,25
Brandon,Walton,62,27,73,21,11,61,85,79,28,25,6,15,14,15,72,11,25
Mello,Dotson,62,23,28,21,2,87,54,85,60,67,6,71,12,49,25,67,56
Mike,Reid,62,23,35,21,2,87,59,85,59,68,6,70,11,51,25,66,56
Dominique,Dafney,61,28,46,21,19,83,70,85,74,74,6,70,14,36,58,14,39
Tre,Swilling,61,26,39,21,2,86,61,87,55,57,12,72,12,50,22,64,52
Tyler,Mabry,60,28,43,21,19,75,73,81,74,78,10,59,11,34,56,17,37
Christian,Gonzalez,95,23,0,22,2,96,59,78,60,74,10,74,42,55,24,92,62
Stefon,Diggs,88,31,8,22,20,91,62,92,72,92,23,90,30,85,41,36,27
Jabrill,Peppers,86,29,5,22,5,88,73,82,67,78,26,84,18,84,27,80,80
Carlton,Davis III,85,28,7,22,2,90,65,88,65,72,6,67,15,40,27,87,64
Milton,Williams,85,26,97,22,3,83,92,87,28,29,6,23,13,10,38,21,86
Hunter,Henry,83,30,85,22,19,83,75,93,75,93,10,69,19,18,62,18,42
Mike,Onwenu,82,27,71,22,16,66,91,85,29,26,6,18,16,10,82,20,25
Robert,Spillane,82,29,14,22,17,87,71,90,60,74,6,46,12,10,31,68,89
Morgan,Moses,81,34,76,22,18,65,89,93,45,35,6,10,25,10,80,14,30
Christian,Barmore,80,26,90,22,3,74,89,89,41,37,6,24,12,10,38,21,86
Harold,Landry III,80,29,2,22,7,85,78,88,47,56,6,52,14,15,34,51,87
Kyle,Dugger,80,29,23,22,5,89,77,84,70,75,7,78,13,82,26,73,73
Rhamondre,Stevenson,80,27,38,22,4,88,79,86,86,71,20,86,18,45,55,13,41
Bryce,Baringer,79,26,17,22,13,73,50,85,40,28,30,23,85,10,15,10,32
Will,Campbell,79,21,66,22,11,73,87,90,30,21,6,10,15,10,83,12,29
Anfernee,Jennings,78,28,33,22,15,82,81,87,63,63,5,49,11,10,35,58,86
Antonio,Gibson,78,27,4,22,4,92,68,84,83,72,34,87,14,81,37,29,43
DeMario,Douglas,78,24,3,22,20,91,57,87,74,91,16,83,18,77,36,37,41
Drake,Maye,78,23,10,22,14,89,62,90,66,34,84,73,46,10,11,14,20
Keion,White,78,26,99,22,7,82,85,81,65,61,6,51,15,34,50,37,84
Marcus,Jones,78,26,25,22,2,92,48,84,65,77,12,87,13,88,23,74,63
Kendrick,Bourne,77,30,84,22,20,88,65,82,73,87,31,82,22,67,41,20,27
Marcus,Epps,77,29,22,22,5,87,63,85,57,67,12,70,17,60,27,72,72
TreVeyon,Henderson,76,22,32,22,4,91,71,83,94,67,16,83,18,71,41,26,33
Garrett,Bradbury,75,30,65,22,1,73,90,89,46,56,6,22,20,10,81,14,44
Jahlani,Tavai,75,28,48,22,17,84,78,85,54,69,6,46,19,13,32,62,84
Ja'Lynn,Polk,74,23,1,22,20,89,62,83,75,83,20,78,12,46,42,17,30
Kayshon,Boutte,74,23,9,22,20,90,56,79,73,84,15,80,11,69,39,14,26
Mack,Hollins,74,31,13,22,20,91,73,87,74,86,20,73,12,50,52,17,51
Andres,Borregales,73,23,36,22,6,75,46,71,35,32,28,13,77,10,13,12,23
Austin,Hooper,73,30,81,22,19,81,73,88,75,86,10,69,19,18,59,18,34
Cole,Strange,73,27,69,22,8,71,87,90,47,43,6,30,20,10,78,10,42
K'Lavon,Chaisson,73,26,44,22,15,86,78,78,47,51,6,41,17,10,30,52,76
Kyle,Williams,72,22,18,22,20,92,66,85,72,81,43,76,21,70,39,33,29
Layden,Robinson,72,24,64,22,16,72,88,85,40,40,6,25,10,10,79,11,36
Marte,Mapu,72,25,15,22,5,88,68,84,63,73,42,67,21,45,35,69,80
Bradyn,Swinson,71,23,43,22,7,84,82,87,40,30,12,40,20,32,36,44,77
Craig,Woodson,71,24,31,22,5,91,59,85,62,71,6,66,17,42,30,69,68
Jack,Gibbens,71,26,51,22,12,78,68,89,52,58,7,38,14,10,40,64,85
Joshua,Farmer,71,22,92,22,3,69,88,86,55,40,22,36,22,25,35,18,81
Khyiris,Tonga,71,29,95,22,3,68,91,85,39,30,6,33,28,5,46,21,76
Alex,Austin,70,24,28,22,2,88,49,90,59,72,8,69,19,55,25,72,52
Jaquelin,Roy,70,24,94,22,3,68,91,83,28,26,8,15,10,10,53,11,81
Jared,Wilson,69,22,58,22,1,78,86,86,34,28,6,13,13,10,77,13,28
Javon,Baker,69,23,6,22,20,88,59,86,74,78,12,78,13,43,42,22,27
Jeremiah,Pharms Jr,69,28,98,22,3,74,83,84,30,33,7,22,11,10,34,13,79
John Parker,Romo,69,28,37,22,6,75,38,83,20,18,20,10,74,10,16,14,26
Joshua,Dobbs,69,30,11,22,14,88,74,84,57,52,80,75,15,15,23,22,33
Caedan,Wallace,68,25,70,22,18,67,87,89,25,35,12,16,15,10,76,11,44
Christian,Elliss,68,26,53,22,12,85,74,84,59,58,6,39,12,10,41,53,82
D.J.,James,68,24,30,22,2,90,47,76,54,65,18,72,13,60,24,73,56
Dell,Pettus,68,24,24,22,5,89,64,87,65,67,12,69,12,45,30,67,69
Efton,Chism III,68,23,86,22,20,84,66,88,73,81,26,76,13,79,39,18,33
Monty,Rice,68,26,45,22,17,86,72,90,55,48,6,35,15,10,35,60,82
Jaylinn,Hawkins,67,28,21,22,5,88,63,81,55,74,6,66,24,60,20,71,60
Brenden,Schooler,66,28,41,22,5,92,64,87,62,71,16,72,24,52,34,63,61
Marcellas,Dial Jr,66,24,27,22,2,91,62,83,57,67,11,69,21,58,25,65,70
Demontrey,Jacobs,65,26,75,22,18,67,83,85,30,28,6,10,11,10,76,12,34
Isaiah,Bolden,65,25,29,22,2,95,63,82,66,59,12,80,13,83,27,67,58
Jaheim,Bell,65,24,88,22,19,85,70,86,73,78,12,73,13,20,56,13,33
Julian,Ashby,65,23,47,22,10,74,68,86,62,45,10,45,24,10,41,19,50
Kobee,Minor,65,23,19,22,2,87,55,79,50,64,23,68,23,48,31,67,50
Truman,Jones,65,25,54,22,15,83,71,80,32,32,6,35,23,10,33,35,73
Tyrese,Robinson,65,26,55,22,8,67,85,86,20,25,6,10,12,10,75,12,29
Vederian,Lowe,65,26,59,22,11,65,82,82,24,50,6,20,11,10,71,9,29
Marcus,Bryant,64,23,52,22,11,68,85,87,34,23,6,10,13,10,74,21,22
Sidy,Sow,64,27,62,22,8,73,87,85,53,50,6,48,18,10,74,19,51
Ben,Brown,63,27,77,22,1,61,85,82,34,25,6,10,15,10,71,10,15
Cam,Riley,63,23,42,22,17,84,69,86,59,54,6,51,18,10,35,58,78
CJ,Dippre,62,23,82,22,19,83,78,82,67,74,20,60,14,15,62,14,34
Jack,Conley,62,24,74,22,16,62,83,82,26,22,6,10,12,10,74,11,27
Alec,Lindstrom,61,27,61,22,1,66,82,79,30,25,6,10,14,10,72,10,31
Tyler,Davis,60,28,30,22,19,82,74,86,76,77,52,57,13,44,52,19,45
Ben,Wooldridge,57,25,17,22,14,79,64,84,61,26,76,53,22,18,22,17,23
Maxx,Crosby,96,28,98,23,7,86,85,86,41,41,6,34,12,20,33,44,96
Brock,Bowers,90,22,89,23,19,89,75,94,74,96,10,77,16,35,60,26,49
Kolton,Miller,87,29,74,23,11,74,88,86,30,22,6,10,12,10,83,14,31
A.J.,Cole,85,29,6,23,13,72,47,73,45,43,28,15,93,10,20,20,37
Ashton,Jeanty,83,21,2,23,4,90,80,93,92,70,21,84,25,74,42,34,37
Jakobi,Meyers,83,28,16,23,20,89,62,84,73,94,52,82,31,65,41,28,39
Jeremy,Chinn,83,27,11,23,5,91,70,93,68,70,6,70,11,48,28,74,77
Geno,Smith,80,34,7,23,14,87,58,87,59,57,87,64,15,15,23,22,38
Germaine,Pratt,79,29,57,23,17,88,76,81,47,72,6,56,18,14,35,69,83
Raheem,Mostert,79,33,31,23,4,91,67,82,85,70,28,87,23,83,42,18,41
Daniel,Carlson,78,30,8,23,6,71,52,61,41,31,24,27,84,10,17,14,26
Dylan,Parham,77,26,66,23,8,75,84,82,46,41,6,30,21,10,85,20,36
Jackson,Powers-Johnson,77,22,58,23,1,70,88,91,37,31,7,10,18,10,85,11,46
Elandon,Roberts,76,31,52,23,12,85,82,86,48,52,6,34,20,10,54,59,83
Eric,Stokes,75,26,22,23,2,95,58,78,58,68,13,79,10,48,27,71,53
Jordan,Meredith,75,27,61,23,8,68,83,82,26,24,6,14,9,10,81,12,37
Darien,Porter,74,24,26,23,2,96,61,88,59,71,7,77,26,77,31,70,43
Jamal,Adams,74,29,33,23,5,87,77,92,60,68,12,65,25,35,31,71,70
Tre,Tucker,74,24,1,23,20,95,53,84,71,85,14,81,22,80,35,10,24
Adam,Butler,73,31,69,23,3,70,85,87,31,36,6,18,16,10,40,28,81
DJ,Glaze,73,23,71,23,18,65,88,85,31,29,7,24,10,10,80,13,33
Jack,Bech,73,22,18,23,20,89,67,87,74,83,20,74,19,78,47,33,36
Jakorian,Bennett,73,25,0,23,2,95,54,78,58,75,21,74,14,63,29,70,53
Lonnie,Johnson Jr,73,29,32,23,5,92,65,85,64,66,13,70,13,35,26,75,56
Malcolm,Koonce,73,27,51,23,15,79,75,81,52,47,6,43,17,15,37,42,79
Michael,Mayer,73,24,87,23,19,82,79,93,75,82,10,70,14,25,63,29,54
Tyree,Wilson,73,25,9,23,15,81,85,90,45,49,6,40,17,10,39,40,81
Zamir,White,73,25,3,23,4,91,78,86,89,62,15,80,17,60,32,13,36
Darnay,Holmes,72,27,30,23,2,90,56,87,62,75,6,74,14,78,27,73,53
Alex,Cappa,71,30,65,23,16,68,85,96,46,51,6,32,18,11,77,12,43
Caleb,Rogers,71,23,76,23,16,69,86,87,24,24,6,10,13,10,78,10,22
Kyle,Philips,71,26,15,23,20,87,62,83,76,82,10,78,15,73,41,25,31
Phillip,Dorsett II,71,32,13,23,20,92,62,75,71,82,10,84,15,81,41,22,20
Sincere,McCormick,71,24,28,23,4,87,75,87,92,70,24,80,23,15,38,12,34
Charles,Grant,70,23,60,23,11,75,85,88,25,28,6,22,13,10,76,12,33
Devin,White,70,27,45,23,17,88,76,91,62,69,6,65,14,10,34,63,78
Leki,Fotu,70,27,95,23,3,72,88,91,42,36,6,23,15,40,44,19,78
Charles,Snowden,69,27,49,23,7,83,69,75,56,64,6,63,14,10,33,51,78
Collin,Johnson,69,27,17,23,20,86,70,83,73,83,10,76,15,45,49,17,31
Decamerion,Richardson,69,24,25,23,2,94,52,88,52,55,20,71,12,59,25,68,77
Ian,Thomas,69,29,80,23,19,82,68,85,74,79,23,77,12,6,54,13,31
Jonah,Laulu,69,25,96,23,3,74,84,87,40,36,6,24,21,10,32,27,79
Kyu Blu,Kelly,69,24,36,23,2,88,54,83,57,73,10,72,17,52,23,69,51
Tommy,Eichenberg,69,24,44,23,12,78,75,93,55,58,19,61,22,10,45,58,80
Aidan,O'Connell,68,27,12,23,14,75,55,82,64,21,81,39,13,10,15,12,20
Dont'e,Thornton Jr.,68,22,10,23,20,96,70,80,72,75,13,75,21,50,41,53,51
Isaiah,Pola-Mao,68,26,20,23,5,89,57,66,62,70,15,69,23,35,30,67,63
Jacob,Bobenmoyer,68,28,50,23,10,79,68,89,45,52,16,51,19,18,54,44,68
Thayer,Munford Jr,68,25,77,23,18,59,83,85,23,24,8,10,11,10,78,8,25
Tonka,Hemingway,68,23,97,23,3,72,81,92,63,54,10,25,22,22,34,32,75
Trey,Taylor,68,24,37,23,5,86,70,90,66,72,32,74,14,60,39,66,70
Christopher,Smith II,67,25,29,23,5,86,57,79,62,70,6,70,25,52,27,68,64
Jaylon,Smith,67,30,54,23,12,84,73,85,45,56,6,47,19,10,34,64,80
JJ,Pegues,67,23,92,23,3,67,84,94,60,52,34,46,29,35,39,20,77
Chris,Collier,66,32,35,23,4,89,70,82,85,60,19,76,12,40,39,34,39
Sam,Webb,66,27,27,23,2,90,58,67,61,68,6,72,20,65,24,69,52
Andre,Carter II,65,25,99,23,15,75,67,88,57,62,6,57,16,34,41,37,78
Dylan,Laube,65,25,23,23,4,88,67,92,85,75,12,78,25,84,30,14,27
Michael,Barrett,65,25,43,23,12,82,63,88,56,62,18,63,12,35,38,65,76
Zach,Carter,65,26,93,23,3,73,76,87,33,25,6,24,14,10,37,23,81
Alex,Bachman,64,29,81,23,20,88,61,79,72,79,10,73,17,71,35,23,33
Justin,Shorter,64,25,88,23,19,87,69,84,72,79,10,71,11,40,45,24,39
Jah,Joyner,63,24,59,23,7,86,76,85,32,34,6,31,13,10,33,39,75
John,Humphrey,63,23,39,23,2,88,57,84,53,65,6,72,15,45,25,67,57
Matt,Jones,63,24,42,23,17,83,72,87,55,58,6,45,18,10,36,57,79
Treven,Ma'ae,63,24,68,23,3,77,83,86,36,34,6,19,12,10,36,18,77
Atonio,Mafi,62,24,56,23,16,55,84,87,40,30,6,10,22,10,74,12,67
Cody,Lindenberg,62,23,55,23,12,82,71,83,55,57,20,48,18,10,34,58,77
Tommy,Mellott,62,23,19,23,20,92,63,86,71,76,71,70,37,35,33,36,35
Amari,Gainer,61,25,53,23,17,85,67,81,53,53,10,46,17,20,32,59,71
Jarrod,Hufford,61,24,64,23,1,68,89,81,23,23,6,10,13,10,73,13,27
Thomas,Harper,61,24,34,23,5,89,60,84,59,57,15,67,15,45,28,64,52
Cam,Miller,60,24,5,23,14,78,64,95,60,30,79,61,26,10,28,11,32
Carter,Runyon,59,24,46,23,19,85,74,80,71,75,10,64,11,13,56,15,35
Davante,Adams,90,32,17,24,20,89,63,88,76,88,10,90,30,45,37,21,42
Matthew,Stafford,88,37,9,24,14,78,66,98,62,26,90,55,25,10,20,16,28
Puka,Nacua,88,24,12,24,20,93,65,80,74,93,10,85,25,35,47,13,28
Jared,Verse,86,24,8,24,7,89,90,86,62,67,6,38,17,10,35,47,80
Kyren,Williams,86,25,23,24,4,86,79,85,90,69,33,89,15,79,46,26,42
Kevin,Dotson,85,28,69,24,16,70,90,92,28,30,6,10,11,10,91,12,34
Kobie,Turner,85,26,91,24,3,74,89,91,34,33,7,37,15,10,55,31,84
Rob,Havenstein,84,33,79,24,18,68,86,90,40,27,6,10,12,10,88,13,35
Braden,Fiske,82,25,55,24,3,80,93,89,33,45,6,51,19,9,29,45,82
Darious,Williams,80,32,31,24,2,90,54,81,60,78,6,64,13,47,26,81,50
Poona,Ford,80,29,95,24,3,71,87,90,31,37,6,10,12,10,41,28,84
Kamren,Curl,79,26,3,24,5,88,70,91,55,65,10,69,17,59,24,73,76
Ahkello,Witherspoon,78,30,4,24,2,89,56,69,59,75,6,73,20,55,24,79,40
Alaric,Jackson,78,27,77,24,11,63,85,86,34,22,6,21,11,10,84,11,42
Byron,Young,78,27,0,24,15,92,74,80,61,53,6,56,11,45,40,50,83
Kamren,Kinchens,78,22,26,24,5,86,59,83,63,80,17,66,15,10,44,77,70
Tyler,Higbee,77,32,89,24,19,81,79,90,78,87,19,68,19,18,57,18,34
Cobie,Durant,76,27,14,24,2,93,50,74,55,74,39,72,22,55,21,74,51
Ethan,Evans,76,24,42,24,13,68,55,75,35,29,28,10,82,10,15,10,24
Omar,Speights,76,24,48,24,17,84,78,78,50,50,10,63,12,11,35,68,85
Steve,Avila,76,25,73,24,8,65,88,90,35,23,5,10,25,9,76,10,30
Quentin,Lake,75,26,37,24,5,86,57,75,60,70,17,64,18,45,27,70,74
Tutu,Atwell,75,25,5,24,20,93,40,74,63,83,56,79,17,69,26,14,18
Blake,Corum,74,24,22,24,4,88,75,88,87,67,18,82,10,75,39,15,32
D.J.,Humphries,74,31,72,24,11,65,87,87,40,35,6,10,6,10,75,15,45
Nate,Landman,74,26,53,24,12,79,75,92,58,55,39,50,13,10,40,56,83
Coleman,Shelton,73,30,65,24,1,73,83,84,39,31,6,10,22,10,79,12,33
Derion,Kendrick,73,25,1,24,2,85,59,82,63,75,38,74,16,73,30,76,54
Jarquez,Hunter,72,22,35,24,4,91,73,87,88,65,28,76,21,82,38,44,42
Jordan,Whittington,72,24,88,24,20,89,64,77,73,86,17,79,15,33,44,16,28
Josaiah,Stewart,72,22,41,24,15,82,79,89,41,31,13,36,22,32,34,37,78
Joshua,Karty,72,23,16,24,6,75,45,78,26,32,24,21,77,10,15,13,24
Emmanuel,Forbes Jr,71,24,25,24,2,94,44,79,65,78,12,80,12,75,25,72,41
Ty,Hamilton,71,23,57,24,3,75,89,89,36,25,9,21,17,26,35,14,78
Tyler,Davis,71,24,90,24,3,72,89,87,40,22,15,37,17,8,28,18,85
Beaux,Limmer,70,24,50,24,1,65,85,92,20,24,6,13,21,10,80,8,30
Brennan,Jackson,70,24,44,24,7,83,80,84,42,50,8,50,17,10,36,42,78
Colby,Parkinson,70,26,84,24,19,82,73,84,78,85,10,58,16,41,55,19,48
Konata,Mumpfield,69,22,15,24,20,86,63,88,70,83,18,74,28,74,36,46,39
Nick,Hampton,69,25,6,24,7,86,65,88,45,40,18,55,13,15,33,48,78
Terrance,Ferguson,69,22,18,24,19,85,73,89,76,76,13,61,21,27,56,43,39
A.J.,Green III,68,27,27,24,2,86,59,78,54,66,6,70,17,40,15,70,57
Chris,Paul Jr.,68,22,54,24,17,85,68,87,62,53,6,48,18,10,34,62,79
David,Quessenberry,68,35,68,24,18,68,85,80,64,62,6,10,21,10,79,14,41
Troy,Reeder,68,30,51,24,12,87,77,81,43,57,6,31,18,14,35,56,78
Cody,Schrader,67,25,32,24,4,85,73,84,92,68,31,76,16,56,45,23,36
Jaylen,McCollough,67,24,2,24,5,85,63,88,66,75,12,73,11,47,28,68,66
Jimmy,Garoppolo,67,33,11,24,14,74,63,91,60,35,81,57,10,10,24,18,16
Larrell,Murchison,67,28,52,24,3,70,87,85,58,39,6,41,17,9,48,19,76
Ronnie,Rivers,67,26,20,24,4,88,63,87,81,69,22,84,18,76,36,18,29
Tony,Fields II,67,26,40,24,12,86,64,86,59,66,6,45,19,10,34,61,78
Davis,Allen,66,24,87,24,19,82,69,87,71,82,15,56,15,30,57,41,63
Josh,Wallace,66,25,30,24,2,86,60,83,61,66,22,69,17,55,18,66,62
Britain,Covey,65,28,10,24,20,89,41,85,73,77,48,74,15,88,25,15,22
Charles,Woods,65,25,21,24,2,86,55,79,65,70,16,68,15,54,32,66,53
KT,Leveston,65,25,70,24,16,60,85,90,29,29,7,14,10,10,75,12,35
Warren,McClendon Jr,65,24,71,24,18,69,88,89,24,25,5,10,12,10,70,10,40
Cam,Lampkin,64,24,33,24,2,87,53,82,56,60,11,68,12,35,23,66,52
Dylan,McMahon,64,24,63,24,1,69,80,78,35,25,18,10,22,10,76,9,36
Elias,Neal,64,23,58,24,17,84,70,85,64,68,22,64,15,15,30,52,77
Jack,Heflin,64,27,93,24,3,61,83,81,34,25,6,17,14,9,39,21,74
Justin,Dedich,64,25,67,24,8,60,89,86,36,27,6,10,20,10,74,14,33
Desjuan,Johnson,63,25,94,24,3,72,79,88,46,48,6,43,8,10,35,26,74
Nate,Valcarcel,63,23,43,24,5,88,58,86,62,65,6,63,14,42,30,63,64
Shaun,Jolly,63,26,24,24,2,89,44,76,60,69,6,65,13,47,26,64,57
Xavier,Smith,63,27,19,24,20,90,60,79,76,79,32,76,18,72,31,15,27
Alex,Ward,62,26,47,24,10,69,66,78,52,48,16,52,12,25,47,20,46
Keir,Thomas,62,27,96,24,15,77,75,84,45,44,6,30,12,10,37,20,74
Shaun,Dolac,62,23,56,24,12,85,73,86,59,46,6,41,17,10,35,58,77
Stetson,Bennett IV,62,27,13,24,14,84,55,85,55,27,76,62,22,10,23,11,20
A.J.,Arcuri,61,28,61,24,11,56,87,85,30,22,6,10,12,10,77,11,27
Trey,Wedig,60,23,64,24,18,65,77,82,26,22,6,10,12,10,74,12,23
Ben,Dooley,59,24,66,24,11,63,80,81,23,21,6,10,12,10,72,12,24
Willie,Lampkin,59,23,62,24,16,65,72,81,22,20,6,10,11,10,74,12,23
Lamar,Jackson,99,28,8,25,14,96,63,96,70,64,93,91,19,10,18,12,35
Derrick,Henry,98,31,22,25,4,93,87,97,96,66,31,86,20,36,46,17,44
Roquan,Smith,94,28,0,25,12,86,80,95,54,72,8,47,22,10,34,72,99
Nnamdi,Madubuike,93,27,92,25,3,81,95,88,30,44,6,25,12,10,36,24,96
Marlon,Humphrey,92,29,44,25,2,91,74,79,62,78,6,76,25,62,28,92,72
Jaire,Alexander,91,28,23,25,2,91,60,64,62,78,6,85,13,81,24,95,52
Mark,Andrews,91,29,89,25,19,87,81,89,73,90,10,80,10,10,59,14,27
Kyle,Hamilton,90,24,14,25,5,88,72,87,68,78,24,73,21,35,35,84,77
Ronnie,Stanley,90,31,79,25,11,71,92,76,32,24,6,22,17,9,86,12,31
Tyler,Linderbaum,88,25,64,25,1,77,85,93,35,28,6,10,21,10,92,10,41
Zay,Flowers,85,24,4,25,20,93,55,89,72,87,35,92,15,72,38,32,36
Chidobe,Awuzie,83,30,3,25,2,90,69,84,68,72,6,78,22,69,26,83,65
Patrick,Ricard,83,31,42,25,4,71,88,90,68,69,6,62,17,9,86,56,79
DeAndre,Hopkins,82,33,10,25,20,89,75,97,72,90,12,88,20,72,42,34,52
Odafe,Oweh,82,26,99,25,15,89,80,79,48,54,7,44,26,10,36,49,85
Rashod,Bateman,81,25,7,25,20,92,60,90,74,86,12,80,20,50,35,14,29
Ar'Darius,Washington,80,25,29,25,5,84,57,85,59,71,20,73,11,40,23,81,68
Isaiah,Likely,80,25,80,25,19,83,66,88,74,89,16,78,12,35,59,28,36
Kyle,Van Noy,80,34,53,25,7,83,76,65,65,73,6,48,23,10,33,65,86
Nate,Wiggins,79,22,2,25,2,96,49,78,58,71,24,77,16,72,24,79,60
Travis,Jones,78,25,98,25,3,75,95,89,25,26,6,18,14,10,40,17,83
Trenton,Simpson,78,24,32,25,17,91,77,87,64,47,31,72,14,10,40,64,82
Justice,Hill,77,27,43,25,4,90,67,77,88,77,17,84,10,83,31,14,25
Mike,Green,76,22,45,25,7,88,79,85,42,37,7,35,24,26,33,34,79
Jordan,Stout,75,27,11,25,13,84,45,76,34,27,23,32,77,10,15,10,27
Malaki,Starks,75,21,24,25,5,89,63,91,62,72,29,72,18,81,30,74,71
John,Jenkins,74,36,62,25,3,71,90,76,40,30,6,10,17,10,40,13,88
Keaton,Mitchell,74,23,34,25,4,94,60,79,86,71,23,84,10,65,35,29,27
Roger,Rosengarten,74,23,70,25,18,75,82,79,32,12,7,33,11,10,80,13,28
Daniel,Faalele,73,25,77,25,16,52,90,74,44,34,12,23,15,10,76,7,44
David,Ojabo,73,25,90,25,7,87,78,85,32,32,6,35,17,10,30,38,81
Tyler,Loop,73,24,33,25,6,74,40,66,34,30,26,18,72,10,12,11,20
Adisa,Isaac,72,23,50,25,15,81,72,83,24,25,6,41,21,10,35,46,79
Broderick,Washington,71,28,96,25,3,70,83,88,34,23,6,13,13,10,56,23,79
Teddye,Buchanan,71,22,40,25,17,86,78,87,65,61,26,49,18,10,33,64,82
Tylan,Wallace,71,26,16,25,20,90,64,80,71,82,10,76,22,82,44,28,40
Andrew,Vorhees,70,26,72,25,8,65,97,89,32,30,5,10,10,10,75,9,29
Devontez,Walker,70,24,81,25,20,94,63,81,70,79,10,78,16,42,42,16,33
Emery,Jones Jr.,70,21,51,25,18,70,88,88,33,21,6,10,16,10,78,12,31
Joe,Noteboom,70,30,68,25,11,71,87,87,25,20,6,15,12,11,74,12,31
Lajohntay,Wester,70,23,83,25,20,90,62,90,68,79,15,74,21,76,33,44,28
Nick,Moore,70,32,46,25,10,70,70,83,68,70,10,48,24,10,52,39,57
Tavius,Robinson,70,26,95,25,7,84,79,77,36,35,6,50,14,10,39,35,80
Bilhal,Kone,69,23,31,25,2,91,58,88,54,69,25,72,27,82,29,68,58
Robert,Longerbeam,69,24,37,25,2,93,57,85,60,73,44,73,30,45,30,69,47
T.J.,Tampa,69,23,27,25,2,88,60,85,62,73,29,70,15,68,25,70,54
Aeneas,Peebles,68,23,93,25,3,73,81,88,38,27,6,20,19,25,36,19,78
Anthony,Miller,68,30,6,25,20,86,67,78,73,80,26,81,13,77,37,18,33
Ben,Cleveland,68,27,66,25,8,70,90,85,14,12,5,11,12,10,75,11,31
Cooper,Rush,68,31,15,25,14,73,62,88,61,28,81,42,15,17,17,15,29
Rasheen,Ali,68,24,26,25,4,92,74,80,79,67,16,76,14,70,29,18,35
Carson,Vinson,67,23,71,25,18,68,81,87,26,28,6,10,11,13,76,13,24
Charlie,Kolar,66,26,88,25,19,83,68,92,72,79,10,64,14,15,56,14,33
Jalyn,Armour-Davis,66,25,5,25,2,93,60,74,48,70,10,67,15,45,27,67,57
Keith,Kirkwood,66,30,18,25,20,88,62,82,73,82,10,75,11,62,40,45,53
Sanoussi,Kane,66,23,21,25,5,88,58,89,56,57,27,67,47,55,34,63,71
Garrett,Dellinger,64,23,74,25,16,67,88,82,24,26,6,10,15,10,72,11,18
Kaimon,Rucker,64,23,56,25,15,81,81,85,35,33,6,28,13,10,33,41,77
Marquise,Robinson,64,23,28,25,2,91,64,87,58,66,6,68,15,50,25,69,54
Beau,Brade,63,23,25,25,5,84,61,89,63,69,39,68,18,39,28,64,69
Jahmal,Banks,63,23,86,25,20,87,64,85,72,83,48,71,16,70,37,22,25
Malik,Hamm,63,25,59,25,7,74,79,85,49,44,21,48,12,15,40,42,73
Jacob,Hummel,62,26,35,25,12,87,67,88,56,65,6,55,15,10,38,56,76
Nick,Samac,62,24,61,25,1,65,84,88,35,24,17,21,13,10,74,16,42
Reid,Holskey,62,23,56,25,11,69,91,83,25,25,6,10,13,10,72,12,26
Jay,Higgins,61,23,49,25,12,78,68,87,56,53,6,51,19,10,35,57,79
Malik,Cunningham,61,26,12,25,20,88,63,92,67,76,72,76,11,45,22,11,29
Desmond,Igbinosun,60,22,41,25,5,86,70,82,56,66,6,71,13,50,25,67,54
Jared,Penning,60,24,63,25,8,61,82,85,22,21,6,10,14,10,74,12,23
Keondre,Jackson,60,23,39,25,5,83,65,84,60,64,6,75,16,51,25,67,57
Jayson,Jones,59,23,69,25,3,62,78,87,38,35,6,20,13,10,36,19,78
Ozzie,Hutchinson,59,23,65,25,1,67,88,80,21,24,6,10,15,10,74,11,25
Devin,Leary,58,25,13,25,14,80,54,83,54,29,75,55,18,10,13,11,14
William,Kwenkeu,58,28,57,25,17,86,72,86,55,53,17,55,32,24,35,50,75
Laremy,Tunsil,94,31,78,26,11,72,92,89,31,26,6,17,17,9,84,12,35
Terry,McLaurin,94,29,17,26,20,96,67,95,76,98,10,88,14,40,36,20,41
Bobby,Wagner,91,35,54,26,12,84,78,74,61,75,6,42,20,10,37,62,98
Sam,Cosmi,87,26,76,26,16,77,87,84,52,54,6,11,19,9,93,13,35
Marshon,Lattimore,86,29,2,26,2,90,72,82,61,75,6,79,25,70,25,85,73
Jayden,Daniels,85,24,5,26,14,90,59,93,62,37,88,82,19,10,17,15,19
Da'Ron,Payne,83,28,94,26,3,77,95,92,46,46,6,27,14,10,40,26,80
Deebo,Samuel Sr,83,29,1,26,20,91,80,90,71,86,27,91,12,85,39,25,46
Von,Miller,83,36,24,26,15,84,84,88,65,51,6,53,15,10,37,55,87
Brian,Robinson Jr,81,26,8,26,4,88,83,89,94,65,22,83,17,73,40,15,39
Tyler,Biadasz,81,27,63,26,1,75,85,93,28,23,6,14,43,8,85,13,37
Frankie,Luvu,80,28,4,26,17,85,83,85,48,55,6,52,12,10,29,60,80
Dorance,Armstrong,78,28,92,26,7,79,82,93,28,34,6,31,12,10,32,34,81
Jonathan,Jones,78,31,31,26,2,92,63,73,60,74,6,68,17,60,24,76,70
Zach,Ertz,78,34,86,26,19,82,74,87,80,87,10,73,22,35,57,19,36
Austin,Ekeler,77,30,30,26,4,89,82,87,83,77,21,85,15,68,44,18,32
Mike,Sainristil,77,24,0,26,2,90,51,93,64,78,17,77,17,65,25,80,55
Quan,Martin,77,25,20,26,5,90,61,80,62,75,7,76,20,62,29,75,70
Andrew,Wylie,76,31,71,26,18,68,85,80,27,35,5,20,15,10,82,11,35
Brandon,Coleman,76,24,74,26,8,73,85,82,27,26,9,20,11,10,80,10,27
Jer'Zhan,Newton,76,23,95,26,3,78,85,90,40,35,5,10,18,12,33,17,84
Noah,Brown,76,29,85,26,20,89,74,75,72,86,23,72,20,75,52,20,45
Clelin,Ferrell,75,28,99,26,15,83,83,85,30,46,6,26,13,10,31,31,82
Deatrich,Wise Jr,75,31,91,26,15,75,85,84,32,36,6,32,22,10,31,29,83
Trey,Amos,75,23,23,26,2,91,64,87,61,72,45,74,26,45,30,76,66
Eddie,Goldman,74,31,97,26,3,63,93,84,40,25,6,10,18,10,41,25,81
Josh,Conerly Jr.,74,21,72,26,18,71,82,88,31,30,6,10,17,10,81,14,26
Matt,Gay,74,31,16,26,6,74,41,60,40,30,30,10,79,10,19,12,13
Nick,Allegretti,74,29,67,26,16,67,83,86,40,42,6,12,17,14,78,12,41
Chris,Moore,73,32,19,26,20,88,58,77,73,84,15,77,22,77,41,20,26
Jacob,Martin,73,29,55,26,7,86,77,84,50,48,6,37,11,10,31,41,76
Javon,Kinlaw,73,27,52,26,3,73,86,86,34,31,6,29,12,10,39,21,82
Jeremy,Reaves,73,29,39,26,5,86,61,87,64,59,6,74,13,35,23,67,78
Tress,Way,73,35,10,26,13,73,44,65,51,45,50,10,74,10,14,20,29
Jaylin,Lane,72,23,83,26,20,94,58,81,72,84,39,79,20,82,35,36,34
K.J.,Osborn,72,28,13,26,20,89,64,80,75,86,10,79,12,78,39,15,39
Michael,Gallup,72,29,12,26,20,88,68,85,77,83,15,81,15,55,34,18,32
Will,Harris,72,29,3,26,5,89,65,86,68,68,12,72,11,45,25,70,68
Noah,Igbinoghene,71,25,6,26,2,91,61,82,65,64,6,78,14,82,26,69,56
Percy,Butler,71,25,35,26,5,92,57,73,59,60,13,72,15,35,28,71,58
Ben,Sinnott,70,23,82,26,19,83,70,86,74,79,10,70,18,28,58,40,55
Luke,McCaffrey,70,24,11,26,20,90,55,83,76,83,47,77,16,52,35,16,32
Demetric,Felton Jr,69,27,25,26,4,88,60,83,89,70,30,81,10,77,39,23,40
Jeremy,McNichols,69,29,26,26,4,88,72,81,84,67,28,82,21,78,43,13,25
Marcus,Mariota,69,31,18,26,14,87,60,90,64,62,78,73,35,10,29,17,28
Nick,Bellore,69,36,57,26,12,85,80,80,68,61,6,56,16,10,70,64,83
Carl,Davis,68,33,77,26,3,68,88,75,45,34,6,10,15,10,32,20,79
Chris,Rodriguez Jr,68,24,36,26,4,89,71,90,87,60,19,76,12,60,45,34,39
Jalyn,Holmes,68,29,96,26,7,78,87,82,59,56,6,41,10,10,40,27,78
Sheldon,Day,68,31,98,26,3,69,82,88,37,34,6,21,17,9,39,37,79
Dominique,Hampton,67,25,45,26,17,91,70,91,62,64,15,71,21,45,42,66,76
Jordan,Magee,67,24,58,26,12,87,64,88,66,56,46,67,14,10,35,62,79
Javontae,Jean-Baptiste,66,25,90,26,15,84,77,80,30,52,7,41,29,10,30,31,75
John,Bates,66,27,87,26,19,78,75,83,75,77,10,66,19,15,61,24,47
Kain,Medrano,66,24,56,26,17,90,71,88,61,50,21,47,18,10,31,58,77
Kevon,Seymour,66,31,29,26,2,89,62,68,58,60,6,72,11,45,17,64,47
Lucas,Niang,66,27,53,26,18,66,86,94,23,30,6,18,25,10,77,18,28
Michael,Deiter,66,28,60,26,1,69,86,83,40,30,6,10,12,10,72,18,38
Mike,Strachan,66,28,84,26,20,87,72,80,74,79,15,71,17,45,33,15,28
Tyler,Ott,66,33,69,26,10,75,72,83,68,69,10,48,24,10,45,20,52
Lawrence,Cager,65,28,89,26,19,87,69,79,75,78,15,74,12,30,49,15,31
Tyler,Owens,65,24,40,26,5,93,63,84,64,65,6,71,17,39,25,66,62
Allan,George,64,26,38,26,2,89,61,75,52,57,6,72,13,50,27,64,59
Cole,Turner,64,25,88,26,19,81,68,68,73,79,10,69,19,18,55,15,29
Andre,Jones Jr,63,26,50,26,7,80,67,87,44,49,13,47,22,25,41,45,75
Bobby,Hart,63,31,51,26,18,49,84,80,45,39,6,10,21,15,72,12,40
Chris,Paul,61,26,75,26,8,76,82,72,25,29,6,10,23,10,71,9,31
Colson,Yankoff,61,25,41,26,19,85,71,80,71,73,47,62,17,10,54,17,41
Bobby,Price,60,27,37,26,2,90,70,84,58,63,6,73,11,40,28,60,60
Josh,Johnson,59,39,14,26,14,80,53,70,60,54,71,68,25,10,18,18,30
Sam,Hartman,57,26,15,26,14,79,58,93,63,28,77,60,26,18,25,13,29
Trent,Scott,57,31,73,26,11,68,80,88,32,27,6,11,19,9,71,13,28
Tyree,Jackson,56,27,80,26,19,82,74,87,68,73,69,68,14,17,50,15,40
Foster,Sarell,55,27,79,26,11,54,86,76,31,23,6,10,12,10,68,10,35
Demario,Davis,90,36,56,27,12,88,85,93,62,63,6,25,20,10,35,72,91
Erik,McCoy,89,28,78,27,1,74,89,88,30,30,6,10,21,10,92,12,35
Justin,Reid,87,28,21,27,5,91,66,87,63,73,12,71,78,55,28,80,78
Chris,Olave,86,25,12,27,20,93,59,85,69,94,10,75,19,75,31,25,17
Alvin,Kamara,84,30,41,27,4,88,77,85,92,76,29,87,16,83,41,21,29
Carl,Granderson,80,28,96,27,7,81,80,84,29,38,6,30,14,28,32,39,88
Davon,Godchaux,80,30,92,27,3,71,93,86,27,35,6,34,11,10,39,27,92
Julian,Blackmon,80,27,28,27,5,88,57,82,52,75,6,74,15,30,18,73,77
Brandin,Cooks,79,31,10,27,20,93,54,78,74,88,10,77,20,79,35,22,25
Cameron,Jordan,79,36,94,27,15,77,87,92,42,42,6,30,29,10,34,36,86
Cesar,Ruiz,79,26,51,27,16,76,87,90,26,22,6,10,11,10,80,12,27
Chase,Young,79,26,99,27,15,83,86,89,43,33,24,38,22,10,31,41,83
Rashid,Shaheed,79,27,22,27,20,93,60,76,70,85,16,87,17,88,28,28,25
Zach,Wood,79,32,49,27,10,71,75,82,45,46,10,36,24,10,50,29,70
Pete,Werner,78,27,20,27,17,84,72,82,55,62,6,22,20,10,30,68,88
Taliese,Fuaga,78,23,75,27,11,68,93,94,33,22,7,13,31,10,84,9,39
Cam,Akers,77,26,26,27,4,89,73,77,91,66,44,86,20,71,35,14,28
Kelvin,Banks Jr.,76,21,71,27,18,67,86,90,30,25,18,18,11,10,81,14,30
Taysom,Hill,76,35,7,27,19,89,82,95,78,81,76,85,54,79,63,56,57
Kendre,Miller,75,23,5,27,4,90,75,89,89,64,27,85,15,45,33,36,57
Kool-Aid,McKinstry,75,22,4,27,2,90,53,85,55,64,16,73,11,83,18,75,66
Bryan,Bresee,74,23,90,27,3,78,88,90,44,47,10,38,23,10,45,26,78
Clyde,Edwards-Helaire,74,26,23,27,4,87,72,84,89,72,30,85,17,78,34,14,26
Juwan,Johnson,74,28,83,27,19,87,69,82,76,82,25,76,25,45,47,23,34
Nathan,Shepherd,74,31,93,27,3,73,90,89,36,33,6,34,12,10,32,24,82
Trevor,Penning,74,26,70,27,8,76,89,90,38,41,9,20,15,10,81,11,27
Alontae,Taylor,73,26,1,27,2,95,60,78,63,72,36,76,21,45,25,70,42
Blake,Grupe,73,26,19,27,6,76,28,54,23,32,24,21,82,10,15,15,24
Cedrick,Wilson Jr,73,29,11,27,20,88,51,81,71,84,50,84,11,78,31,19,28
Donovan,Peoples-Jones,73,26,14,27,20,87,68,79,74,87,15,75,16,82,42,22,32
Isaac,Yiadom,73,29,27,27,2,89,54,76,61,66,6,70,12,40,27,75,56
Jonathan,Bullard,73,31,58,27,3,71,81,87,26,35,6,29,19,9,29,26,87
Jordan,Howden,73,25,31,27,5,89,58,87,55,65,6,68,9,60,27,70,72
Ugo,Amadi,73,28,0,27,2,90,62,92,62,69,21,72,20,81,26,76,69
Dillon,Radunz,72,27,77,27,8,69,84,94,29,28,6,19,18,10,78,14,31
Foster,Moreau,72,28,87,27,19,82,76,84,75,86,15,59,13,40,60,14,33
Jonas,Sanker,72,22,33,27,5,90,58,89,61,69,21,70,17,82,30,71,70
Quincy,Riley,72,24,29,27,2,90,64,85,66,77,15,72,17,75,31,74,48
Devin,Neal,71,22,30,27,4,87,71,89,91,68,29,83,18,68,39,28,40
Khalen,Saunders,71,29,50,27,3,72,84,87,49,49,6,34,12,10,47,23,82
Terrell,Burgess,71,26,24,27,5,89,62,88,62,64,6,74,20,65,25,69,67
Bub,Means,70,25,16,27,20,91,67,82,69,82,17,80,15,32,40,25,36
Danny,Stutsman,70,22,47,27,17,87,74,87,63,67,6,57,20,10,35,58,82
Dante,Pettis,70,29,17,27,20,88,50,83,75,80,34,83,14,84,34,20,30
Isaiah,Foskey,70,24,55,27,15,86,76,84,52,48,6,50,22,20,39,43,83
Khristian,Boyd,70,25,97,27,3,63,88,89,40,30,6,10,21,15,35,16,82
Matthew,Hayball,70,28,43,27,13,74,51,72,47,38,32,18,77,10,18,22,29
James,Burnip,69,24,46,27,13,71,54,78,23,27,27,10,75,10,14,10,28
Spencer,Rattler,69,24,2,27,14,82,56,88,61,39,79,60,20,10,13,12,19
Velus,Jones Jr,69,28,13,27,4,94,64,82,70,78,15,79,11,84,38,14,21
Vernon,Broughton,69,24,91,27,3,72,86,87,62,51,9,41,23,28,35,12,76
Fadil,Diggs,68,23,40,27,7,87,78,82,46,39,14,33,19,32,37,47,75
Tyler,Shough,68,25,6,27,14,84,56,82,67,36,79,54,16,27,16,36,16
Chris,Rumph II,67,26,98,27,7,80,74,81,40,36,6,37,16,10,32,42,76
Jaylan,Ford,67,23,53,27,12,82,73,88,64,73,9,61,21,35,42,56,79
Jonah,Williams,67,30,54,27,15,78,82,78,42,37,9,24,13,10,41,18,81
John,Ridgeway III,66,26,95,27,3,62,86,84,23,21,6,13,10,10,38,13,81
Mason,Tipton,66,24,15,27,20,94,59,86,74,80,28,77,12,59,38,19,30
Rico,Payton,66,25,36,27,2,86,58,80,58,68,18,69,15,55,26,66,64
Nephi,Sewell,65,26,45,27,17,83,68,86,60,50,7,64,25,10,34,60,80
Rejzohn,Wright,65,24,25,27,2,89,53,83,49,70,42,69,17,47,25,63,50
Will,Clapp,65,28,76,27,1,72,80,90,29,24,6,10,14,10,73,11,26
D'Marco,Jackson,64,27,52,27,12,87,69,88,51,57,6,55,15,10,36,51,80
Josiah,Ezirim,64,24,72,27,18,67,88,84,42,39,6,10,11,10,77,11,56
Jack,Stoll,63,27,88,27,19,83,68,85,74,80,11,65,18,46,60,17,34
Jake,Haener,63,26,3,27,14,83,61,89,63,31,77,63,48,10,15,11,22
Kevin,Austin Jr,63,25,81,27,20,91,67,86,71,75,10,69,22,50,40,37,38
Moliki,Matavao,63,22,80,27,19,79,76,88,69,77,15,61,29,29,61,27,40
Nick,Saldiveri,63,25,64,27,16,65,84,82,21,24,6,22,12,10,69,11,27
J.T.,Gray,62,29,48,27,5,90,65,81,58,62,6,66,14,60,23,60,72
Kyle,Hergel,62,25,60,27,8,59,88,82,27,26,7,11,14,10,70,12,34
Landon,Young,62,28,67,27,18,66,90,89,22,28,8,13,22,10,70,12,32
Tyreem,Powell,61,23,57,27,12,75,68,85,62,57,17,47,17,10,35,60,79
Torricelli,Simpkins III,58,23,68,27,1,57,78,85,24,24,6,10,14,10,75,13,26
Devon,Witherspoon,88,24,21,28,2,91,60,97,59,75,10,75,17,62,23,87,73
Kenneth,Walker III,88,24,9,28,4,94,81,92,94,67,15,87,12,73,32,15,36
DeMarcus,Lawrence,87,33,0,28,7,83,87,95,42,33,6,42,19,10,29,45,88
Leonard,Williams,87,31,99,28,3,78,90,85,58,42,6,44,17,10,32,29,86
Cooper,Kupp,86,32,10,28,20,89,66,88,76,95,36,89,20,84,49,21,31
Jaxon,Smith-Njigba,86,23,11,28,20,91,63,82,72,96,10,79,11,70,42,15,24
Julian,Love,86,27,20,28,5,90,62,85,65,77,6,77,14,70,26,80,81
Tariq,Woolen,86,26,27,28,2,95,60,75,62,82,10,71,18,45,25,82,57
Charles,Cross,83,24,67,28,11,74,84,81,25,20,6,10,14,10,81,10,25
Michael,Dickson,83,29,4,28,13,77,47,72,38,26,24,24,90,10,16,14,30
Ernest,Jones IV,80,25,13,28,12,86,74,86,62,66,6,60,13,10,43,61,92
Jarran,Reed,79,31,90,28,3,71,89,87,33,30,6,16,17,9,40,22,88
Jason,Myers,79,34,5,28,6,69,43,50,34,30,30,14,85,10,18,18,20
Shaquill,Griffin,79,30,24,28,2,91,63,87,67,74,6,80,12,45,27,78,63
Boye,Mafe,78,26,53,28,15,90,75,85,28,36,13,24,26,10,31,42,83
Zach,Charbonnet,78,24,26,28,4,88,79,83,95,73,14,81,16,65,45,28,50
Byron,Murphy II,77,22,91,28,3,77,86,88,42,46,6,45,18,10,36,30,85
Sam,Darnold,77,28,14,28,14,81,60,91,57,37,87,66,14,10,22,30,36
Abraham,Lucas,76,26,72,28,18,75,85,79,44,38,5,23,14,10,76,10,32
Coby,Bryant,75,26,8,28,5,88,63,83,62,75,6,74,19,55,15,74,69
Derick,Hall,75,24,58,28,7,87,76,87,49,52,21,48,12,29,35,51,80
Grey,Zabel,75,23,76,28,8,74,88,87,25,24,6,10,14,10,81,10,30
Johnathan,Hankins,75,33,97,28,3,73,90,76,45,30,6,11,10,10,32,25,82
Marquez,Valdes-Scantling,75,30,1,28,20,93,63,78,74,82,15,76,19,75,41,14,29
Uchenna,Nwosu,75,28,7,28,15,82,73,82,47,63,6,52,13,10,33,54,79
Nick,Emmanwori,74,21,3,28,5,93,70,91,65,74,6,70,18,43,30,67,70
Tyrice,Knight,74,24,48,28,17,85,71,87,61,62,12,55,25,37,31,64,84
Anthony,Bradford,73,24,75,28,16,70,92,85,31,24,8,10,16,10,74,12,30
Christian,Haynes,72,25,64,28,16,71,87,93,33,29,16,27,15,10,78,14,33
Josh,Jones,71,28,74,28,18,67,85,85,40,36,6,10,25,10,79,14,35
Tory,Horton,71,22,15,28,20,93,68,84,71,81,19,76,23,79,42,44,39
Damien,Martinez,70,21,22,28,4,89,74,90,92,64,19,78,32,66,42,27,41
Jake,Bobo,69,27,19,28,20,85,62,91,74,85,10,70,18,32,40,10,33
Nehemiah,Pritchett,69,24,28,28,2,94,50,75,55,62,9,71,18,83,25,70,53
Olusegun,Oluwatimi,69,26,55,28,1,60,84,90,25,27,6,10,20,10,76,11,28
Tyler,Hall,69,26,33,28,2,91,56,81,57,61,6,78,18,83,25,72,58
D'Anthony,Bell,68,28,23,28,5,89,66,87,59,62,6,72,12,60,31,68,70
Elijah,Arroyo,68,22,18,28,19,87,77,85,72,79,49,69,18,36,55,43,30
Mike,Morris,68,24,94,28,3,74,82,88,52,51,7,42,14,10,37,29,75
Rylie,Mills,68,24,98,28,3,73,84,85,44,24,11,33,22,29,35,19,81
Steven,Sims,68,28,84,28,20,90,53,84,70,79,22,80,16,85,35,19,24
A.J.,Barner,67,23,88,28,19,78,78,88,74,80,15,63,12,25,61,13,34
Eric,Saubert,67,31,81,28,19,82,75,83,75,78,10,68,22,10,57,14,30
Jamie,Sheriff,67,25,50,28,15,82,78,88,42,43,6,38,22,10,36,44,77
Quinton,Bohanna,67,26,92,28,3,56,92,85,25,27,26,13,22,10,40,15,76
Ricky,White III,67,23,86,28,20,89,65,87,72,78,20,75,21,77,43,54,46
Shemar,Jean-Charles,67,27,34,28,2,88,61,69,54,56,6,73,11,55,27,68,53
Bryce,Cabeldue,66,23,77,28,16,74,90,87,41,30,6,10,13,10,74,11,41
Damarion,Williams,66,27,37,28,2,88,57,85,58,64,12,78,17,60,23,66,57
Drew,Lock,66,28,2,28,14,83,68,91,56,42,78,40,12,20,19,15,22
Josh,Jobe,66,27,29,28,2,90,63,85,58,58,6,71,14,40,29,66,58
Robbie,Ouzts,66,22,40,28,4,75,82,87,70,75,21,56,24,23,61,22,44
Sataoa,Laumea,66,24,63,28,8,67,84,93,44,41,15,10,25,10,76,12,40
Dareke,Young,65,26,83,28,20,91,71,75,78,77,11,74,17,63,35,11,30
Drake,Thomas,65,25,42,28,17,82,66,89,53,57,12,51,22,10,38,58,79
Jalen,Milroe,65,22,6,28,14,93,69,89,56,40,76,78,21,33,31,19,42
Jerrick,Reed II,65,25,32,28,5,91,59,79,63,71,11,70,17,52,30,65,66
Michael,Jerrell,65,26,65,28,11,74,82,88,24,23,5,10,17,10,78,11,36
Tyreke,Smith,65,25,59,28,7,77,72,79,41,36,6,35,15,10,33,39,79
George,Holani,64,25,36,28,4,89,71,79,88,69,26,78,13,49,36,17,25
Kenny,McIntosh,64,25,25,28,4,87,66,78,86,72,40,78,20,77,43,30,39
AJ,Finley,63,23,30,28,5,87,56,77,63,73,6,72,13,50,32,66,66
Mason,Richman,63,23,78,28,18,60,84,86,33,26,6,24,12,31,72,12,28
Brandon,Pili,62,26,95,28,3,61,82,88,23,22,6,17,9,10,36,13,71
Chris,Stoll,62,27,41,28,10,75,65,80,61,46,10,34,12,10,55,15,48
Brady,Russell,61,27,38,28,19,80,71,87,74,75,12,66,11,33,57,15,41
Cody,White,61,26,82,28,20,83,69,79,69,79,12,73,16,65,43,23,37
Federico,Maranges,61,23,62,28,1,66,86,84,29,33,6,24,24,10,75,14,32
Jalen,Sundell,61,25,61,28,1,66,84,86,29,26,6,10,11,10,75,12,33
Amari,Kight,60,24,79,28,11,64,78,79,25,22,6,10,13,10,72,11,23
Jared,Ivey,59,23,51,28,7,67,74,84,34,35,6,34,13,10,33,41,76
Ty,Okada,59,26,39,28,5,90,62,77,67,61,46,73,22,45,31,61,59
Josh,Ross,58,25,47,28,12,79,65,83,55,59,6,52,13,40,35,56,77
Patrick,O'Connell,57,26,52,28,12,82,62,75,53,60,16,55,15,25,35,49,76
T.J.,Watt,96,30,90,29,7,83,86,95,53,72,6,46,50,6,31,62,96
Cameron,Heyward,94,36,97,29,3,75,94,95,39,48,6,10,11,10,31,27,94
Jalen,Ramsey,94,30,5,29,2,94,71,90,71,83,27,78,17,80,28,91,71
Alex,Highsmith,88,28,56,29,15,85,85,88,46,56,6,32,10,10,29,59,88
Chris,Boswell,85,34,9,29,6,73,44,49,45,29,32,10,93,10,17,12,35
D.K.,Metcalf,85,27,4,29,20,94,79,96,69,91,14,82,13,40,40,22,33
Darius,Slay Jr,84,34,23,29,2,90,60,83,64,82,6,81,21,72,26,83,61
Pat,Freiermuth,84,26,88,29,19,83,78,86,78,91,25,65,62,30,60,37,58
Zach,Frazier,84,24,54,29,1,64,88,97,30,30,6,10,14,10,90,9,31
DeShon,Elliott,82,28,25,29,5,88,57,85,66,76,6,70,17,35,29,72,84
Patrick,Queen,82,26,6,29,12,88,73,90,73,71,6,72,20,15,34,66,85
Jonnu,Smith,81,30,81,29,19,89,78,80,72,87,6,79,26,20,56,18,29
Isaac,Seumalo,80,31,73,29,8,69,84,81,29,20,6,10,21,10,82,18,33
Jaylen,Warren,80,26,30,29,4,90,74,86,91,71,21,86,20,66,49,17,34
Joey,Porter,80,25,24,29,2,90,67,91,60,60,12,71,12,56,23,79,61
Cole,Holcomb,78,29,55,29,12,87,72,85,60,65,6,33,35,10,33,69,89
Chuck,Clark,77,30,21,29,5,87,67,92,61,68,12,61,25,35,28,72,76
Derrick,Harmon,77,22,99,29,3,74,93,95,35,27,11,25,18,25,35,16,74
Troy,Fautanu,77,24,76,29,18,72,87,88,35,35,6,15,32,10,81,10,39
Aaron,Rodgers,76,41,8,29,14,77,59,98,64,47,84,48,18,10,23,16,19
Darnell,Washington,76,24,80,29,19,84,81,87,72,78,10,67,21,15,74,21,55
Juan,Thornhill,76,29,22,29,5,90,66,85,65,76,38,75,17,45,28,68,71
Keeanu,Benton,76,24,95,29,3,70,88,88,38,46,6,25,10,10,43,18,83
Payton,Wilson,76,25,41,29,17,91,67,92,64,73,20,65,28,21,38,66,84
Beanie,Bishop Jr,75,25,31,29,2,92,68,79,63,76,6,65,13,47,26,73,69
Calvin,Austin,75,26,19,29,20,95,53,83,72,84,27,80,17,81,34,28,32
Cameron,Johnston,75,33,5,29,13,76,48,83,25,30,15,10,81,10,22,25,35
Corliss,Waitman,75,30,3,29,13,71,46,77,53,50,36,28,78,10,21,14,35
Kaleb,Johnson,75,22,20,29,4,88,76,91,89,66,11,79,17,77,36,31,38
Kenneth,Gainwell,75,26,14,29,4,89,70,85,91,68,32,85,45,64,31,14,30
Robert,Woods,75,33,16,29,20,89,63,79,75,84,24,85,22,78,46,20,39
Mason,McCormick,74,25,66,29,16,70,90,87,20,26,7,30,19,10,77,10,37
Nick,Herbig,74,23,51,29,7,84,74,87,42,43,8,50,17,10,38,55,76
Malik,Harrison,73,27,50,29,17,85,75,79,55,58,28,55,46,33,30,59,83
Broderick,Jones,72,24,77,29,11,73,86,86,35,34,6,10,16,10,80,14,54
Jack,Sawyer,72,23,33,29,15,80,77,90,50,49,10,33,25,33,37,43,80
Brandin,Echols,71,27,26,29,2,92,52,85,62,63,15,74,16,65,25,68,55
Daniel,Ekuale,71,31,96,29,3,67,81,79,37,35,6,35,20,10,29,20,88
Dean,Lowry,71,31,94,29,3,76,86,89,47,48,6,32,19,9,32,26,86
James,Pierre,71,28,42,29,2,91,60,80,56,71,6,75,15,76,24,71,60
Ben,Sauls,70,24,29,29,6,73,46,62,26,19,28,35,77,10,13,12,20
Ben,Skowronek,70,28,15,29,20,85,68,83,73,88,12,72,19,55,42,27,47
Logan,Lee,70,25,91,29,3,71,83,88,38,40,6,19,10,10,32,22,81
Roman,Wilson,70,24,10,29,20,93,56,81,74,82,15,74,15,70,41,15,27
Scott,Miller,70,28,13,29,20,94,54,80,72,84,28,76,13,74,32,23,27
Donald,Parham,68,28,89,29,19,85,71,87,73,81,10,72,19,18,51,18,38
Donte,Kent,68,23,34,29,2,93,56,91,53,65,16,75,15,79,23,69,62
Cory,Trice Jr,67,25,27,29,2,90,67,85,64,72,11,70,13,56,25,64,70
Mason,Rudolph,67,30,2,29,14,74,66,87,66,40,80,49,16,14,19,13,31
Miles,Killebrew,67,32,28,29,5,86,76,87,76,69,6,69,18,42,19,57,70
Trey,Sermon,67,26,27,29,4,85,78,78,91,67,30,79,16,38,50,15,34
Yahya,Black,67,23,78,29,3,60,85,87,37,22,10,21,21,27,35,12,79
Connor,Heyward,66,26,83,29,19,82,68,91,81,78,25,63,37,64,63,15,40
Esezi,Otomewo,66,26,72,29,3,76,81,81,29,25,6,26,24,10,45,21,74
Evan,Hull,66,24,38,29,4,90,71,87,88,70,15,78,15,74,41,16,32
Max,Scharping,66,29,64,29,16,65,86,88,40,35,6,10,25,10,76,14,42
Brandon,Johnson,65,27,11,29,20,85,60,87,68,82,11,74,15,62,36,20,32
DeMarvin,Leal,65,25,98,29,3,73,74,86,35,44,9,44,15,10,37,26,76
Isaiahh,Loudermilk,65,27,92,29,3,69,79,84,49,51,6,39,15,10,37,19,79
Calvin,Anderson,64,29,67,29,18,65,85,85,33,30,6,21,22,10,75,14,30
Carson,Bruener,64,24,44,29,17,86,67,88,61,48,18,49,18,10,34,62,76
Mark,Robinson,64,26,93,29,12,83,81,79,68,62,6,58,13,35,39,52,81
Quindell,Johnson,64,25,35,29,5,88,61,87,57,73,39,67,17,45,26,65,64
Skylar,Thompson,64,28,17,29,14,77,65,82,56,34,78,60,19,10,21,13,26
Spencer,Anderson,64,25,74,29,8,67,88,83,24,21,7,14,14,10,68,12,35
Will,Howard,64,23,18,29,14,81,68,92,63,42,79,50,23,32,27,21,42
D'Shawn,Jamison,63,26,17,29,2,89,55,75,59,68,15,83,9,80,25,65,48
Devin,Harper,63,27,40,29,17,89,70,75,56,58,6,65,15,10,30,40,80
Nick,Broeker,63,24,61,29,8,63,81,81,42,35,8,24,15,10,73,12,26
Christian,Kuntz,62,31,46,29,10,79,76,85,44,61,9,49,20,15,35,44,76
Dylan,Cook,62,27,60,29,11,69,80,86,23,22,6,12,11,10,73,11,45
Eku,Leota,62,26,53,29,15,78,78,87,59,60,7,50,28,10,43,48,78
Kyler,McMichael,61,25,37,29,2,89,60,87,60,57,6,66,15,25,25,64,63
Ryan,McCollum,53,27,62,29,1,62,80,79,29,30,6,11,13,10,66,11,37
Jeffery,Simmons,92,28,98,30,3,78,97,89,29,27,6,32,16,48,33,34,86
Kevin,Zeitler,91,35,70,30,16,73,91,96,40,15,6,10,16,10,85,14,25
Tony,Pollard,86,28,20,30,4,92,69,84,93,74,16,90,10,87,31,38,38
L'Jarius,Sneed,84,28,38,30,2,94,60,82,68,77,6,82,24,70,19,80,60
Calvin,Ridley,81,30,0,30,20,93,59,80,75,82,23,88,16,68,38,21,29
Xavier,Woods,80,30,25,30,5,88,71,86,71,78,6,78,19,70,28,71,81
Cody,Barton,79,28,50,30,12,85,78,88,49,72,6,55,20,10,33,63,87
T'Vondre,Sweat,79,24,93,30,3,63,94,86,44,47,10,38,23,10,35,26,87
Tyjae,Spears,79,24,2,30,4,88,71,86,95,74,15,87,18,62,40,14,30
Tyler,Lockett,79,32,4,30,20,88,50,89,73,92,10,84,25,90,38,18,25
Amani,Hooker,78,27,37,30,5,88,62,81,65,78,29,74,44,44,28,74,70
JC,Latham,78,22,55,30,18,63,94,91,33,24,9,10,17,10,84,10,40
Roger,McCreary,78,25,21,30,2,89,65,85,63,72,28,72,36,60,28,81,59
Sebastian,Joseph-Day,78,30,69,30,3,74,86,88,24,21,6,24,6,10,34,23,85
Dan,Moore,76,26,75,30,11,65,88,78,36,27,6,10,12,10,80,13,36
Darrell,Baker,76,27,39,30,2,91,57,78,60,58,13,71,14,50,28,78,62
Dre'Mont,Jones,76,28,45,30,7,74,82,82,50,51,6,37,10,10,31,41,89
Peter,Skoronski,76,24,77,30,8,67,88,87,29,36,8,19,30,10,79,10,25
Arden,Key,75,29,49,30,15,81,79,79,32,35,6,36,12,10,30,40,80
Lloyd,Cushenberry III,75,27,79,30,1,71,85,92,30,30,6,10,21,10,80,14,22
Chigoziem,Okonkwo,74,25,85,30,19,88,67,78,73,85,10,72,18,35,57,14,30
Johnny,Hekker,74,35,3,30,13,74,55,68,40,39,53,10,76,10,23,15,25
Oluwafemi,Oladejo,74,21,7,30,7,85,81,90,51,55,15,37,24,28,34,53,80
Jarvis,Brownlee Jr,73,24,29,30,2,92,63,95,55,73,24,75,18,60,33,72,67
Cam,Ward,72,23,1,30,14,82,66,94,65,45,80,62,28,28,32,34,35
Joey,Slye,72,29,6,30,6,71,66,58,40,35,28,21,72,10,15,12,31
Van,Jefferson,72,29,11,30,20,89,59,85,77,81,27,75,14,73,28,20,34
Elic,Ayomanor,71,22,5,30,20,91,68,80,74,80,19,71,16,73,46,30,27
Kevin,Winston Jr.,71,21,23,30,5,89,64,89,62,66,6,65,17,79,30,67,69
Will,Levis,71,26,8,30,14,80,69,93,62,47,81,66,16,10,20,13,25
Chimere,Dike,70,23,17,30,20,94,65,81,73,76,15,73,18,77,44,50,49
Kalel,Mullings,70,22,28,30,4,87,79,90,93,61,31,76,30,75,45,59,62
Sam,Mustipher,70,29,60,30,8,61,83,88,40,25,6,10,25,10,77,14,37
Carlos,Watkins,69,31,96,30,3,75,86,86,44,50,6,28,15,10,29,28,81
Cedric,Gray,69,22,51,30,12,84,69,90,60,70,17,64,14,45,31,69,77
Josh,Whyle,69,25,81,30,19,83,71,81,71,84,10,71,14,15,59,13,37
Marcus,Harris,69,24,26,30,2,93,59,90,60,74,12,67,23,81,27,68,67
Xavier,Restrepo,69,23,87,30,20,84,61,86,70,82,28,76,24,80,40,41,36
Amani,Oruwariye,68,29,31,30,2,88,65,89,62,73,6,72,17,56,25,69,52
Jackson,Slater,68,22,64,30,8,72,89,87,29,25,5,11,12,10,76,13,35
James,Lynch,68,26,97,30,3,72,82,84,42,38,9,32,56,10,37,29,78
James,Proche II,68,28,13,30,20,87,61,84,74,85,44,74,13,76,40,14,27
Jha'Quan,Jackson,68,25,19,30,20,92,54,84,73,80,10,78,14,82,31,16,26
Jihad,Ward,68,31,53,30,7,68,80,89,30,24,6,22,19,9,35,43,81
Gunnar,Helm,67,22,84,30,19,78,74,90,71,80,12,65,20,26,58,24,41
James,Williams,67,22,52,30,17,84,71,87,65,69,28,66,14,50,35,71,71
Olisaemeka,Udoh,67,28,72,30,11,70,87,81,25,21,6,10,11,10,77,17,34
Ali,Gaye,66,26,99,30,15,82,73,79,44,41,6,57,20,10,31,41,75
Anfernee,Orji,66,24,59,30,9,87,67,88,54,63,12,67,29,40,30,59,75
Morgan,Cox,66,39,46,30,10,71,73,82,67,58,10,14,18,10,46,18,63
Otis,Reese IV,66,27,41,30,17,86,68,87,64,66,12,58,11,32,34,60,80
Bryce,Oliver,65,25,80,30,20,87,60,88,70,79,10,77,15,43,37,10,29
Julius,Chestnut,65,24,36,30,4,88,76,85,83,68,18,78,17,60,44,11,35
Timmy,Horne,65,27,94,30,3,64,85,87,29,24,6,14,16,10,40,12,79
Titus,Leo,65,26,90,30,15,83,69,77,45,55,6,55,51,10,35,30,69
Amari,Burney,64,25,58,30,12,89,70,81,53,65,27,62,13,35,37,60,78
Andrew,Rupcich,64,26,76,30,16,62,85,89,22,25,6,10,10,10,73,10,25
Blake,Hance,64,29,73,30,16,70,85,82,41,43,6,30,21,10,79,14,43
Curtis,Jacobs,64,23,57,30,17,87,68,86,56,56,10,68,22,25,30,66,73
Gabe,Jeudy-Lally,64,24,32,30,2,88,54,81,58,69,6,71,11,32,22,65,55
Julius,Wood,64,24,24,30,5,88,63,86,68,70,6,72,19,30,30,65,72
Mike,Brown,64,26,44,30,5,89,66,88,63,65,7,64,11,35,25,62,65
Corey,Levin,63,31,62,30,1,64,84,83,22,25,6,23,23,11,71,18,32
Jaylen,Harrell,63,23,92,30,7,83,75,80,32,44,6,33,24,10,28,41,72
Kendell,Brooks,63,25,33,30,5,91,63,83,55,58,6,72,13,50,32,65,65
David,Martin-Robinson,62,25,88,30,19,85,70,84,72,78,20,68,19,18,59,18,39
Thomas,Odukoya,62,28,89,30,19,83,72,79,71,77,15,62,25,20,54,14,38
Jaelyn,Duncan,61,25,71,30,18,69,85,79,35,24,7,10,19,10,74,12,33
John,Ojukwu,61,26,61,30,11,64,86,85,23,21,6,12,11,10,74,11,55
Jordan,Mims,61,26,24,30,4,85,64,87,87,59,28,81,15,73,42,13,35
Brenden,Jaimes,59,26,66,30,1,65,82,77,24,21,6,10,21,10,68,9,32
Chandler,Brewer,58,28,67,30,16,66,88,84,31,34,10,10,25,10,66,14,33
Tim,Boyle,56,30,15,30,14,77,60,75,58,25,75,51,12,10,10,15,25
Brandon,Allen,54,32,10,30,14,75,56,75,59,26,72,47,20,13,14,15,24
Justin,Jefferson,99,26,18,31,20,91,64,87,73,96,30,93,12,61,43,22,36
Christian,Darrisaw,92,26,71,31,11,73,92,85,25,26,6,10,13,10,87,13,29
Harrison,Smith,88,36,22,31,5,87,73,84,66,82,10,54,20,10,29,78,78
Jonathan,Allen,88,30,93,31,3,73,93,85,40,35,6,28,8,10,32,27,95
T.J.,Hockenson,88,28,87,31,19,83,80,89,79,94,15,70,34,10,61,32,46
Brian,O'Neill,86,29,75,31,18,76,86,93,51,37,6,31,13,11,87,13,29
Aaron,Jones,85,30,33,31,4,89,71,91,86,73,28,89,20,55,35,18,27
Byron,Murphy Jr,85,27,7,31,2,92,60,81,61,78,6,75,11,70,17,84,54
Jordan,Addison,84,23,3,31,20,90,52,84,78,91,39,89,17,76,30,31,37
Andrew,Van Ginkel,83,30,43,31,15,87,74,93,58,70,6,30,19,13,32,68,83
Blake,Cashman,83,29,51,31,12,88,70,82,52,50,6,29,14,10,33,72,89
Jonathan,Greenard,83,28,58,31,7,83,81,82,56,63,6,47,18,20,36,47,83
Ryan,Kelly,83,32,78,31,1,69,85,90,25,29,6,20,20,9,79,13,32
Josh,Metellus,82,27,44,31,5,89,66,87,62,68,12,72,15,50,25,68,85
Andrew,DePaola,81,38,42,31,10,75,75,72,63,66,9,40,11,10,62,18,62
Javon,Hargrave,81,32,98,31,3,75,87,88,30,28,6,16,17,9,39,22,88
Will,Fries,80,27,76,31,16,59,87,86,29,23,6,10,22,10,85,12,38
Jordan,Mason,79,26,27,31,4,89,78,88,90,60,21,84,11,65,44,33,42
Harrison,Phillips,78,29,97,31,3,70,93,91,26,27,6,26,11,10,39,23,87
Ivan,Pace Jr,78,24,0,31,17,85,72,88,53,63,6,52,19,10,33,66,88
Rondale,Moore,78,25,4,31,20,93,66,78,74,82,38,87,20,77,37,13,25
Isaiah,Rodgers Sr,76,27,2,31,2,93,50,80,56,70,12,82,34,87,21,76,59
C.J.,Ham,75,32,30,31,4,83,77,89,78,71,23,72,12,51,74,15,36
Mekhi,Blackmon,75,26,5,31,2,90,55,85,55,71,6,75,15,67,24,72,70
Ryan,Wright,75,25,17,31,13,81,62,81,45,31,40,34,82,10,11,10,39
Will,Reichard,75,24,16,31,6,78,42,75,30,22,27,28,86,10,12,10,29
Donovan,Jackson,74,22,74,31,8,67,90,90,25,23,6,14,12,10,79,10,31
Jalen,Nailor,74,26,1,31,20,91,58,75,70,82,10,75,15,78,39,27,34
Dallas,Turner,73,22,15,31,15,90,76,85,35,45,6,36,15,10,33,52,80
Eric,Wilson,73,30,55,31,17,87,75,85,50,64,6,65,19,35,31,62,81
J.J.,McCarthy,73,22,9,31,14,85,68,95,63,36,82,69,29,14,20,13,29
Josh,Oliver,73,28,84,31,19,86,75,81,76,84,10,60,15,39,75,22,47
Ty,Chandler,73,27,32,31,4,93,65,88,90,67,20,79,17,76,44,15,32
Blake,Brandel,72,28,64,31,8,69,87,92,29,23,6,10,27,10,78,14,29
Jalen,Redmond,72,26,61,31,3,79,85,81,42,37,6,27,12,10,40,21,79
Ambry,Thomas,71,25,23,31,2,91,61,86,54,69,6,80,12,74,26,68,66
Jeff,Okudah,71,26,21,31,2,90,66,75,64,62,11,71,12,50,22,73,62
Tai,Felton,71,22,13,31,20,93,59,89,70,81,20,82,27,71,31,40,49
Tavierre,Thomas,71,29,37,31,5,90,55,84,58,64,6,71,14,74,24,75,59
Bo,Richter,69,25,54,31,7,87,72,84,32,44,6,33,24,10,28,46,78
Jay,Ward,69,25,24,31,5,87,58,75,64,70,12,73,16,63,29,66,66
Levi Drake,Rodriguez,69,25,50,31,3,72,84,85,26,42,9,31,12,10,32,25,82
Theo,Jackson,68,26,26,31,5,90,58,83,55,65,6,65,15,40,28,63,67
Gabriel,Murphy,67,24,59,31,7,83,77,80,38,38,10,53,14,30,28,55,73
Justin,Skule,67,28,67,31,11,65,85,85,22,28,6,13,22,10,77,12,32
Brian,Asamoah II,66,25,6,31,12,87,71,85,55,54,6,44,12,10,34,63,77
Dwight,McGlothern,66,23,29,31,2,90,59,84,55,62,24,75,21,65,23,64,54
Jonathan,Harris,66,29,92,31,3,70,81,82,22,27,6,24,11,10,28,39,78
Myles,Price,66,23,31,31,20,92,53,84,70,80,21,74,14,82,31,16,26
Tyrion,Ingram-Dawkins,66,22,90,31,3,77,83,85,64,47,12,57,22,21,34,13,71
Sam,Howell,65,24,8,31,14,82,64,92,66,61,79,72,37,14,20,13,29
Taki,Taimani,65,25,94,31,3,62,80,85,32,24,6,10,12,10,42,11,76
Travis,Bell,65,26,95,31,3,72,86,81,25,30,6,25,10,10,38,17,78
Zemaiah,Vaughn,65,23,34,31,2,91,66,85,57,68,6,70,15,48,25,67,53
Gavin,Bartholomew,64,22,86,31,19,82,70,89,71,76,23,64,26,28,56,30,36
Kobe,King,64,22,41,31,12,83,76,88,60,49,6,46,18,10,34,58,76
Tim,Jones,64,27,14,31,20,89,63,80,74,79,10,75,13,73,36,24,35
Silas,Bolden,63,23,83,31,20,88,60,82,68,81,15,75,16,81,32,22,20
Tyler,Batty,63,26,96,31,15,80,83,83,35,36,6,31,13,10,33,40,77
Walter,Rouse,63,24,73,31,18,64,83,86,25,38,8,20,21,10,76,8,37
Austin,Keys,62,23,56,31,12,85,71,84,58,55,6,49,17,10,34,59,80
Dorian,Mausi Jr.,62,23,52,31,17,83,68,85,57,53,6,55,21,10,35,57,78
Giovanni,Ricci,62,28,49,31,4,78,69,79,74,68,33,72,22,35,61,17,31
Joe,Huber,62,23,60,31,16,66,86,81,23,22,6,10,12,10,73,12,27
Kahlef,Hailassie,62,24,25,31,2,88,53,87,53,70,12,73,11,55,31,65,55
Benjamin,Yurosek,61,23,48,31,19,84,72,80,68,76,10,62,14,13,55,15,37
Chaz,Chambliss,61,22,57,31,17,81,79,86,58,51,6,41,16,10,35,57,77
Michael,Jurgens,61,25,65,31,1,58,80,85,20,26,6,13,22,10,74,14,30
Bryson,Nesbit,60,22,46,31,19,76,71,78,72,77,10,63,15,17,56,17,36
Max,Brosmer,60,24,12,31,14,79,70,86,55,31,76,63,33,20,25,16,32
Leroy,Watson,58,27,72,31,11,75,78,75,67,68,11,54,11,5,72,10,35
Zeke,Correll,58,24,63,31,1,55,82,80,24,23,6,10,12,10,74,12,26
Brett,Rypien,57,29,11,31,14,76,52,81,55,46,75,50,18,13,18,13,31
Matt,Nelson,54,29,69,31,18,67,75,87,35,43,6,10,11,10,70,12,68
Derek,Stingley Jr,93,24,24,32,2,93,63,75,63,83,22,84,19,72,22,94,60
Danielle,Hunter,91,30,55,32,15,88,82,81,46,36,6,40,11,10,30,44,87
Joe,Mixon,91,29,28,32,4,92,82,91,98,75,33,91,16,76,52,15,37
Nico,Collins,89,26,12,32,20,94,67,83,77,96,25,79,15,40,39,16,26
Will,Anderson Jr,89,23,51,32,7,87,86,91,50,59,6,57,12,10,40,36,85
Nick,Chubb,87,29,21,32,4,88,86,92,96,68,20,87,12,35,37,14,29
Trent,Brown,85,32,77,32,18,69,91,75,32,35,6,10,20,10,83,14,40
C.J.,Gardner-Johnson,84,27,23,32,5,90,68,83,64,84,12,74,50,64,27,85,67
Jalen,Pitre,83,26,5,32,5,90,62,82,63,75,13,72,32,45,30,81,62
Jimmie,Ward,83,34,20,32,5,89,54,85,65,74,6,64,19,35,23,78,80
Tank,Dell,82,25,3,32,20,92,50,87,71,86,15,86,13,79,37,10,21
C.J.,Stroud,81,23,7,32,14,82,61,88,61,21,88,58,19,12,13,10,24
Christian,Kirk,81,28,13,32,20,90,65,91,72,90,34,88,14,84,35,17,30
Kamari,Lassiter,81,22,4,32,2,90,52,79,54,67,11,77,12,64,25,83,67
Azeez,Al-Shaair,80,28,0,32,12,86,77,87,46,61,6,31,20,10,31,65,89
Dalton,Schultz,80,29,86,32,19,82,76,86,72,89,10,72,14,38,62,14,29
Ka'imi,Fairbairn,80,31,15,32,6,79,39,65,45,37,30,10,88,10,19,17,35
Tommy,Townsend,79,28,6,32,13,81,43,58,40,20,41,10,83,10,14,20,35
Cam,Robinson,78,29,74,32,11,69,90,94,27,32,6,18,28,8,70,14,29
Dameon,Pierce,78,25,31,32,4,90,84,91,89,67,15,82,12,78,45,14,41
Tytus,Howard,78,29,71,32,16,73,85,85,24,28,38,41,16,10,78,14,23
Denico,Autry,76,35,96,32,7,74,86,85,45,35,6,10,11,10,32,27,82
E.J.,Speed,76,30,45,32,17,88,74,81,66,66,6,70,16,60,34,58,82
Laken,Tomlinson,76,33,75,32,8,70,86,84,25,20,6,10,20,10,78,14,35
Calen,Bullock,75,22,2,32,5,90,54,84,64,78,10,75,22,60,24,73,65
Folorunso,Fatukasi,75,30,91,32,3,66,91,89,26,23,6,17,15,10,37,23,85
Sheldon,Rankins,75,31,90,32,3,72,87,91,40,43,6,25,17,9,40,34,81
Henry,To'oTo'o,74,24,39,32,9,85,65,85,57,55,6,66,31,44,33,67,78
Jayden,Higgins,74,22,81,32,20,89,67,90,77,86,13,80,16,80,42,28,22
John,Metchie,74,25,8,32,20,90,66,90,77,79,10,82,15,73,40,14,24
Juice,Scruggs,74,25,70,32,8,65,87,88,31,36,6,10,24,10,79,10,48
Braxton,Berrios,73,29,17,32,20,90,55,77,72,84,10,79,13,84,30,22,25
Derek,Barnett,73,29,95,32,15,77,85,84,53,49,6,37,15,10,28,39,82
Ed,Ingram,73,26,69,32,16,72,87,86,25,22,6,12,14,10,81,10,30
Jaylin,Noel,73,22,82,32,20,93,66,88,73,82,59,77,30,80,45,31,25
Justin,Watson,73,30,84,32,20,90,69,86,76,81,10,69,15,70,46,21,30
Tim,Settle Jr,73,28,98,32,3,69,88,89,27,26,6,25,15,10,39,23,83
Aireontae,Ersery,72,23,79,32,11,72,85,88,30,19,6,10,28,10,79,12,32
Darrell,Taylor,72,28,52,32,15,83,86,84,62,59,6,43,13,45,35,53,82
Jarrett,Patterson,72,26,54,32,1,61,83,88,24,33,5,23,15,10,72,10,31
Mario,Edwards Jr,72,31,97,32,3,75,88,75,45,47,6,15,25,10,31,27,81
Blake,Fisher,71,22,57,32,18,66,83,88,33,22,7,12,17,10,81,9,34
Christian,Harris,71,24,48,32,17,90,69,80,55,69,6,57,24,39,36,66,77
Jaylin,Smith,70,21,30,32,2,91,54,79,59,68,6,73,22,78,30,72,61
M.J.,Stewart Jr,70,29,29,32,5,88,66,86,63,66,6,74,11,76,25,76,66
Woody,Marks,70,24,27,32,4,88,70,88,93,71,10,80,23,76,40,24,31
Casey,Toohill,69,29,94,32,15,85,75,85,43,50,6,31,14,10,29,41,80
Xavier,Hutchinson,69,25,19,32,20,88,62,91,71,85,42,73,15,29,34,17,32
Brevin,Jordan,68,25,9,32,19,86,73,78,74,80,33,78,11,42,55,17,43
Jaylen,Reed,68,22,34,32,5,89,67,89,58,65,6,59,15,76,30,68,65
Myles,Bryant,68,27,27,32,2,91,52,87,61,71,9,71,12,48,25,62,63
Russ,Yeast,68,26,25,32,5,86,62,83,59,67,12,73,12,35,25,67,61
Tremon,Smith,68,29,11,32,2,91,58,80,76,78,24,77,13,88,30,65,51
Cade,Stover,67,25,87,32,19,84,74,86,70,78,15,68,14,15,66,47,58
Dare,Ogunbowale,67,31,33,32,4,88,71,81,86,70,25,82,56,77,41,18,37
Dylan,Horton,67,25,92,32,15,81,73,84,40,39,6,42,30,10,37,27,81
Irv,Smith Jr,67,27,83,32,19,86,71,87,76,79,15,69,12,41,60,13,34
Jakob,Johnson,67,30,43,32,4,77,82,82,75,60,6,52,25,30,74,45,71
Kurt,Hinish,67,26,93,32,3,70,88,84,34,37,6,15,11,10,39,16,77
Tommy,Togiai,67,25,72,32,3,71,91,90,26,23,6,18,17,12,38,16,81
J.J.,Taylor,66,27,26,32,4,85,64,78,85,67,15,83,16,76,26,26,34
Jake,Andrews,66,25,60,32,1,67,87,87,35,41,17,21,13,10,77,16,42
Jamal,Hill,66,24,56,32,17,91,65,83,55,64,23,65,11,35,40,65,78
Kyonte,Hamilton,66,22,58,32,3,72,85,93,41,26,37,35,33,28,34,15,80
Nick,Niemann,66,27,32,32,12,88,71,83,52,57,6,37,20,10,37,59,82
Austin,Brinkman,65,23,40,32,10,70,65,80,58,47,6,32,20,10,49,22,54
Davis,Mills,65,26,10,32,14,78,56,88,61,22,79,51,41,10,13,12,19
LaDarius,Henderson,64,23,73,32,16,64,83,85,24,29,5,10,12,10,75,12,31
Luke,Lachey,64,24,42,32,19,77,74,85,72,78,15,65,23,24,52,27,45
D'Angelo,Ross,63,28,37,32,2,92,59,75,51,70,8,74,15,64,20,63,55
Jake,Hansen,63,27,35,32,12,81,71,94,64,61,6,43,10,10,36,48,83
Zach,Thomas,63,27,78,32,8,74,81,86,27,22,6,10,13,10,74,10,34
Austin,Deculus,62,26,76,32,18,70,84,90,24,19,6,16,16,10,70,9,27
Graham,Mertz,61,24,18,32,14,77,60,83,55,27,79,46,18,21,24,19,21